Book Id,Title,Author,Author l-f,Additional Authors,ISBN,ISBN13,My Rating,Average Rating,Publisher,Binding,Number of Pages,Year Published,Original Publication Year,Date Read,Date Added,Bookshelves,Bookshelves with positions,Exclusive Shelf,My Review,Spoiler,Private Notes,Read Count,Owned Copies
216971226,"The Fate of the Day: The War for America, Fort Ticonderoga to Charleston, 1777-1780 (Revolution Trilogy, 2)",Rick Atkinson,"Atkinson, Rick",,"=""0593799186""","=""9780593799185""",0,4.67,Crown,Hardcover,880,2025,2025,,2025/07/20,to-read,to-read (#367),to-read,,,,0,0
41812830,"The British Are Coming: The War for America, Lexington to Princeton, 1775-1777",Rick Atkinson,"Atkinson, Rick",John Sterling,"=""1627790438""","=""9781627790437""",0,4.44,Henry Holt and Co.,Hardcover,776,2019,2019,,2025/07/20,to-read,to-read (#366),to-read,,,,0,0
214269337,Raising Hare: A Memoir,Chloe Dalton,"Dalton, Chloe",,"=""0593701844""","=""9780593701843""",0,4.42,Pantheon,Hardcover,285,2025,2025,,2025/07/20,to-read,to-read (#365),to-read,,,,0,0
223436601,"Careless People: A Cautionary Tale of Power, Greed, and Lost Idealism",Sarah Wynn-Williams,"Wynn-Williams, Sarah",,"=""1250391237""","=""9781250391230""",0,4.23,Flatiron Books,Hardcover,382,2025,2025,,2025/07/20,to-read,to-read (#364),to-read,,,,0,0
218460355,"Mother Emanuel: Two Centuries of Race, Resistance, and Forgiveness in One Charleston Church",Kevin Sack,"Sack, Kevin",,"=""1524761303""","=""9781524761301""",0,4.59,Crown,Hardcover,480,2025,,,2025/07/20,to-read,to-read (#363),to-read,,,,0,0
215362634,There Is No Place for Us: Working and Homeless in America,Brian Goldstone,"Goldstone, Brian",,"=""0593237145""","=""9780593237144""",0,4.66,Crown,Hardcover,448,2025,2025,,2025/07/20,to-read,to-read (#362),to-read,,,,0,0
214565614,The Buffalo Hunter Hunter,Stephen Graham Jones,"Jones, Stephen Graham",,"=""1668075083""","=""9781668075081""",0,4.11,S&S/Saga Press,Hardcover,435,2025,2025,,2025/07/20,to-read,to-read (#361),to-read,,,,0,0
215020997,Bury Our Bones in the Midnight Soil,V.E. Schwab,"Schwab, V.E.",Victoria Schwab,"=""1035064642""","=""9781035064649""",0,4.15,Tor,Hardcover,535,2025,2025,,2025/07/20,to-read,to-read (#360),to-read,,,,0,0
219833252,King of Ashes,S.A. Cosby,"Cosby, S.A.",,"=""1250832063""","=""9781250832061""",0,4.18,Pine & Cedar,Hardcover,333,2025,2025,,2025/07/20,to-read,to-read (#359),to-read,,,,0,0
220160387,The Director,Daniel Kehlmann,"Kehlmann, Daniel",Ross Benjamin,"=""1668087790""","=""9781668087794""",0,4.22,S&S/Summit Books,Hardcover,352,2025,2023,,2025/07/20,to-read,to-read (#358),to-read,,,,0,0
33630235,The Heart's Invisible Furies,John Boyne,"Boyne, John",,"=""""","=""""",0,4.51,Transworld Digital,Kindle Edition,567,2017,2017,,2025/07/17,to-read,to-read (#357),to-read,,,,0,0
2199,Team of Rivals: The Political Genius of Abraham Lincoln,Doris Kearns Goodwin,"Goodwin, Doris Kearns",,"=""""","=""""",0,4.28,Simon & Schuster,Paperback,916,2006,2005,,2025/06/30,to-read,to-read (#356),to-read,,,,0,0
17334495,"The Bully Pulpit: Theodore Roosevelt, William Howard Taft, and the Golden Age of Journalism",Doris Kearns Goodwin,"Goodwin, Doris Kearns",,"=""""","=""""",0,4.15,Simon & Schuster,Hardcover,910,2013,2013,,2025/06/30,to-read,to-read (#355),to-read,,,,0,0
61913599,Deliver Me from Nowhere: The Making of Bruce Springsteen's Nebraska,Warren Zanes,"Zanes, Warren",,"=""0593237412""","=""9780593237410""",0,4.39,Crown,Hardcover,320,2023,2023,,2025/06/26,to-read,to-read (#354),to-read,,,,0,0
1598221,"Gold and Iron: Bismarck, Bleichröder and the Building of the German Empire",Fritz Stern,"Stern, Fritz",,"=""0394740343""","=""9780394740348""",0,4.05,Vintage,Paperback,672,1979,1980,,2025/06/23,to-read,to-read (#353),to-read,,,,0,0
428519,"A History of the Crusades, Volume 1: The First Crusade and the Foundations of the Kingdom of Jerusalem",Steven Runciman,"Runciman, Steven",,"=""052134770X""","=""9780521347709""",0,4.28,Cambridge University Press,Paperback,394,1987,1951,,2025/06/23,to-read,to-read (#352),to-read,,,,0,0
849439,The Collapse of British Power,Correlli Barnett,"Barnett, Correlli",,"=""0862990742""","=""9780862990749""",0,4.21,Sutton Publishing Ltd.,Paperback,655,1984,1972,,2025/06/23,to-read,to-read (#351),to-read,,,,0,0
573022,The Third Reich: A New History,Michael Burleigh,"Burleigh, Michael",,"=""080909326X""","=""9780809093267""",0,4.10,Hill and Wang,Paperback,992,2001,2000,,2025/06/23,to-read,to-read (#350),to-read,,,,0,0
16127678,"English History, 1914–1945",A.J.P. Taylor,"Taylor, A.J.P.",,"=""0198217153""","=""9780198217152""",0,4.14,Oxford - At The Clarendon Press,Hardcover,709,1965,1965,,2025/06/23,to-read,to-read (#349),to-read,,,,0,0
1138543,The Strange Death of Liberal England,George Dangerfield,"Dangerfield, George",,"=""0804729301""","=""9780804729307""",0,4.11,Stanford University Press,Paperback,364,1997,1935,,2025/06/23,to-read,to-read (#348),to-read,,,,0,0
19657025,The First World War: A New History,Hew Strachan,"Strachan, Hew",,"=""1471134369""","=""9781471134364""",0,3.85,Simon & Schuster UK,Kindle Edition,476,2014,2003,,2025/06/23,to-read,to-read (#347),to-read,,,,0,0
18669169,The Sleepwalkers: How Europe Went to War in 1914,Christopher   Clark,"Clark, Christopher",,"=""""","=""""",0,4.23,Penguin,Kindle Edition,706,2012,2012,,2025/06/23,to-read,to-read (#346),to-read,,,,0,0
982544,The Secularization of the European Mind in the Nineteenth Century,Owen Chadwick,"Chadwick, Owen",,"=""0521398290""","=""9780521398299""",0,3.68,Cambridge University Press,Paperback,296,2008,1976,,2025/06/23,to-read,to-read (#345),to-read,,,,0,0
377965,The History of the Decline and Fall of the Roman Empire Volume I,Edward Gibbon,"Gibbon, Edward",David P. Womersley,"=""0140433937""","=""9780140433937""",0,4.17,Penguin Classics,Paperback,1114,1996,1776,,2025/06/23,to-read,to-read (#344),to-read,,,,0,0
26046318,All That Man Is,David Szalay,"Szalay, David",,"=""0224099779""","=""9780224099776""",0,3.66,RANDOM HOUSE,Paperback,448,2016,2016,,2025/06/23,to-read,to-read (#343),to-read,,,,0,0
215362651,Dream State,Eric Puchner,"Puchner, Eric",,"=""0385550669""","=""9780385550666""",0,3.62,Doubleday,Hardcover,448,2025,2025,,2025/06/23,to-read,to-read (#342),to-read,,,,0,0
219848315,The Emperor of Gladness,Ocean Vuong,"Vuong, Ocean",,"=""059383187X""","=""9780593831878""",0,4.06,Penguin Press,Hardcover,416,2025,2025,,2025/06/23,to-read,to-read (#341),to-read,,,,0,0
217245618,The Names,Florence Knapp,"Knapp, Florence",,"=""0593833902""","=""9780593833902""",0,4.17,Pamela Dorman Books,Hardcover,336,2025,2025,,2025/06/23,to-read,to-read (#340),to-read,,,,0,0
56646330,Assembly,Natasha   Brown,"Brown, Natasha",,"=""0316268267""","=""9780316268264""",0,3.82,"Little, Brown and Company",Hardcover,112,2021,2021,,2025/06/23,to-read,to-read (#339),to-read,,,,0,0
217006044,Theft,Abdulrazak Gurnah,"Gurnah, Abdulrazak",,"=""0593852605""","=""9780593852606""",0,3.97,Riverhead Books,Hardcover,296,2025,2025,,2025/06/23,to-read,to-read (#338),to-read,,,,0,0
205436018,We Do Not Part,Han Kang,"Kang, Han","E. Yaewon, Paige Aniyah Morris","=""0593595459""","=""9780593595459""",0,3.89,Hogarth,Hardcover,256,2025,2021,,2025/06/23,to-read,to-read (#337),to-read,,,,0,0
1048424,Governing the Commons: The Evolution of Institutions for Collective Action (Political Economy of Institutions and Decisions),Elinor Ostrom,"Ostrom, Elinor",,"=""0521405998""","=""9780521405997""",0,4.21,Cambridge University Press,Paperback,298,1990,1990,,2025/06/17,to-read,to-read (#336),to-read,,,,0,0
219158874,Mark Twain,Ron Chernow,"Chernow, Ron",,"=""0525561722""","=""9780525561729""",0,4.23,Penguin Press,Hardcover,1200,2025,2025,,2025/06/08,to-read,to-read (#335),to-read,,,,0,0
16130,Alexander Hamilton,Ron Chernow,"Chernow, Ron",,"=""""","=""""",0,4.22,Penguin Books,Paperback,818,2005,2004,,2025/06/08,to-read,to-read (#334),to-read,,,,0,0
52260627,"The Committed (The Sympathizer, #2)",Viet Thanh Nguyen,"Nguyen, Viet Thanh",,"=""0802157068""","=""9780802157065""",0,3.96,Grove Press,Hardcover,345,2021,2021,,2025/05/07,to-read,to-read (#333),to-read,,,,0,0
216750998,"America, América: A New History of the New World",Greg Grandin,"Grandin, Greg",,"=""059383125X""","=""9780593831250""",0,4.53,Penguin Press,Hardcover,768,2025,2025,,2025/05/01,to-read,to-read (#332),to-read,,,,0,0
36743029,The End of the Myth: From the Frontier to the Border Wall in the Mind of America,Greg Grandin,"Grandin, Greg",,"=""1250179823""","=""9781250179821""",0,4.28,Metropolitan Books,Hardcover,369,2019,2019,,2025/05/01,to-read,to-read (#331),to-read,,,,0,0
56769575,Stiff: The Curious Lives of Human Cadavers,Mary Roach,"Roach, Mary",,"=""0393881725""","=""9780393881721""",0,4.06,W. W. Norton & Company,Paperback,320,2021,2003,,2025/05/01,to-read,to-read (#330),to-read,,,,0,0
902,The Westing Game,Ellen Raskin,"Raskin, Ellen",,"=""014240120X""","=""9780142401200""",0,3.99,Puffin,Paperback,182,2004,1978,,2025/05/01,to-read,to-read (#329),to-read,,,,0,0
181110082,Honey,Victor Lodato,"Lodato, Victor",,"=""0063309610""","=""9780063309616""",0,4.01,Harper,Hardcover,400,2024,2024,,2025/04/19,to-read,to-read (#328),to-read,,,,0,0
196968157,"City in Ruins (Danny Ryan, #3)",Don Winslow,"Winslow, Don",,"=""006307947X""","=""9780063079472""",0,4.37,William Morrow,Hardcover,400,2024,2024,,2025/04/19,to-read,to-read (#327),to-read,,,,0,0
61713802,City of Dreams (Danny Ryan #2),Don Winslow,"Winslow, Don",,"=""0062851233""","=""9780062851239""",0,4.03,William Morrow,Hardcover,352,2023,2023,,2025/04/19,to-read,to-read (#326),to-read,,,,0,0
57558287,"City on Fire (Danny Ryan, #1)",Don Winslow,"Winslow, Don",,"=""0062851195""","=""9780062851192""",0,4.09,William Morrow,Hardcover,384,2022,2021,,2025/04/19,to-read,to-read (#325),to-read,,,,0,0
655627,"Agent Zigzag: A True Story of Nazi Espionage, Love, and Betrayal",Ben Macintyre,"Macintyre, Ben",,"=""0307353400""","=""9780307353405""",0,4.14,Crown,Hardcover,364,2007,2007,,2025/04/19,to-read,to-read (#324),to-read,,,,0,0
179455076,Question 7,Richard Flanagan,"Flanagan, Richard",,"=""1761343467""","=""9781761343469""",0,4.19,Random House Australia,Kindle Edition,280,2023,2023,,2025/04/11,to-read,to-read (#323),to-read,,,,0,0
40024,"The Alienist (Dr. Laszlo Kreizler, #1)",Caleb Carr,"Carr, Caleb",,"=""0812976142""","=""9780812976144""",0,4.06,Random House,Paperback,498,2006,1994,,2025/04/07,to-read,to-read (#322),to-read,,,,0,0
1846109,Our Fathers,Andrew O'Hagan,"O'Hagan, Andrew",,"=""0771068352""","=""9780771068355""",0,3.60,Emblem Editions,Paperback,304,2007,1999,,2025/04/01,to-read,to-read (#321),to-read,,,,0,0
1301,Moneyball,Michael   Lewis,"Lewis, Michael",,"=""0393324818""","=""9780393324815""",0,4.27,W. W. Norton & Company,Paperback,317,2004,2003,,2025/03/28,to-read,to-read (#320),to-read,,,,0,0
65654621,Le Silence et la Colère,Pierre Lemaitre,"Lemaitre, Pierre",,"=""2702183611""","=""9782702183618""",0,4.22,Calmann-Levy,Paperback,592,2023,2023,,2023/02/26,currently-reading,currently-reading (#2),currently-reading,,,,1,0
236819,"March Violets (Bernie Gunther, #1)",Philip Kerr,"Kerr, Philip",,"=""0142004146""","=""9780142004142""",0,3.80,G.P. Putnam's Sons,Paperback,245,2004,1989,,2025/03/06,to-read,to-read (#319),to-read,,,,0,0
22928871,Endurance: Shackleton's Incredible Voyage,Alfred Lansing,"Lansing, Alfred",Nathaniel Philbrick,"=""0465062881""","=""9780465062881""",0,4.46,Basic Books,Paperback,357,2015,1959,,2025/02/18,to-read,to-read (#318),to-read,,,,0,0
8649656,The Fry Chronicles,Stephen Fry,"Fry, Stephen",,"=""0718154835""","=""9780718154837""",0,3.85,Penguin Books,Hardcover,438,2010,2010,,2025/02/12,to-read,to-read (#317),to-read,,,,0,0
61431922,"Fourth Wing (The Empyrean, #1)",Rebecca Yarros,"Yarros, Rebecca",,"=""1649374046""","=""9781649374042""",0,4.58,Entangled: Red Tower Books,Hardcover,517,2023,2023,,2025/02/10,to-read,to-read (#316),to-read,,,,0,0
213034913,Source Code: My Beginnings,Bill  Gates,"Gates, Bill",,"=""059380158X""","=""9780593801581""",0,4.16,Knopf,Hardcover,336,2025,2025,,2025/02/03,to-read,to-read (#315),to-read,,,,0,0
3985,The Amazing Adventures of Kavalier & Clay,Michael Chabon,"Chabon, Michael",,"=""0312282990""","=""9780312282998""",0,4.18,Picador USA,Paperback,639,2001,2000,,2025/01/28,to-read,to-read (#314),to-read,,,,0,0
16703,The Yiddish Policemen's Union,Michael Chabon,"Chabon, Michael",,"=""0007149824""","=""9780007149827""",0,3.72,HarperCollins,Hardcover,414,2007,2007,,2025/01/28,to-read,to-read (#313),to-read,,,,0,0
16707,Wonder Boys,Michael Chabon,"Chabon, Michael",,"=""3423124172""","=""9783423124171""",0,3.93,Dt. Taschenbuch-Verl.,Kindle Edition,383,1998,1995,,2025/01/28,to-read,to-read (#312),to-read,,,,0,0
682804,"The Killer Angels (The Civil War Trilogy, #2)",Michael Shaara,"Shaara, Michael",,"=""0345348109""","=""9780345348104""",0,4.33,Ballantine Books,Mass Market Paperback,345,1987,1974,,2025/01/25,to-read,to-read (#311),to-read,,,,0,0
18460016,Tudor: The Family Story,Leanda de Lisle,"Lisle, Leanda de",,"=""009955528X""","=""9780099555285""",0,4.16,Chatto & Windus,Paperback,560,2014,2013,,2021/12/25,to-read,to-read (#310),to-read,,,,1,0
846136,All Quiet on the Western Front,Erich Maria Remarque,"Remarque, Erich Maria",,"=""""","=""""",0,4.10,Vintage,Paperback,208,1996,1928,,2023/07/29,to-read,to-read (#309),to-read,,,,1,0
58417755,A Little Devil in America: In Praise of Black Performance,Hanif Abdurraqib,"Abdurraqib, Hanif",,"=""0141995793""","=""9780141995793""",0,4.59,Penguin,Paperback,320,2022,2021,,2023/11/01,to-read,to-read (#308),to-read,,,,1,0
58662236,Small Things Like These,Claire Keegan,"Keegan, Claire",,"=""0802158749""","=""9780802158741""",4,4.13,Grove Press,Hardcover,128,2021,2021,,2025/01/01,,,read,,,,1,0
8143909,Foster,Claire Keegan,"Keegan, Claire",,"=""0571255655""","=""9780571255658""",0,4.32,Faber & Faber,Paperback,89,2010,2010,,2025/01/10,to-read,to-read (#307),to-read,,,,0,0
926257,Fureur et Mystère,René Char,"Char, René",,"=""207030065X""","=""9782070300655""",0,4.10,Gallimard,Mass Market Paperback,224,1967,,,2025/01/06,to-read,to-read (#306),to-read,,,,0,0
1319521,Le Rivage des Syrtes,Julien Gracq,"Gracq, Julien",,"=""2714303595""","=""9782714303592""",0,4.02,Librairie José Corti,Broché,321,1992,1951,,2025/01/06,to-read,to-read (#305),to-read,,,,0,0
13732457,Golden Hill,Francis Spufford,"Spufford, Francis",,"=""0571225195""","=""9780571225194""",0,3.79,Faber & Faber,Hardcover,344,2016,2016,,2025/01/06,to-read,to-read (#304),to-read,,,,0,0
210217367,Cahokia Jazz,Francis Spufford,"Spufford, Francis",,"=""0571336884""","=""9780571336883""",0,3.98,Faber & Faber,Paperback,496,2024,2023,,2025/01/06,to-read,to-read (#303),to-read,,,,0,0
214151728,Mood Machine: The Rise of Spotify and the Costs of the Perfect Playlist,Liz Pelly,"Pelly, Liz",,"=""1668083507""","=""9781668083505""",0,3.88,Atria/One Signal Publishers,Hardcover,288,2025,2025,,2025/01/01,to-read,to-read (#302),to-read,,,,0,0
25817440,Private Citizens,Tony Tulathimutte,"Tulathimutte, Tony",,"=""0062399101""","=""9780062399106""",0,3.42,William Morrow Paperbacks,Paperback,372,2016,2016,,2025/01/01,to-read,to-read (#301),to-read,,,,0,0
199635125,Rejection,Tony Tulathimutte,"Tulathimutte, Tony",,"=""0063337878""","=""9780063337879""",0,3.83,William Morrow,Hardcover,272,2024,2024,,2025/01/01,to-read,to-read (#300),to-read,,,,0,0
205478853,Reagan: His Life and Legend,Max Boot,"Boot, Max",,"=""0871409445""","=""9780871409447""",0,4.17,Liveright,Hardcover,880,2024,2024,,2025/01/01,to-read,to-read (#299),to-read,,,,0,0
127488823,My Friends,Hisham Matar,"Matar, Hisham",,"=""081299485X""","=""9780812994858""",0,4.30,Random House,Kindle Edition,399,2024,2024,,2025/01/01,to-read,to-read (#298),to-read,,,,0,0
176530628,LatinoLand: A Portrait of America's Largest and Least Understood Minority,Marie Arana,"Arana, Marie",,"=""1982184914""","=""9781982184919""",0,4.31,Simon & Schuster,Kindle Edition,573,2024,2024,,2025/01/01,to-read,to-read (#297),to-read,,,,0,0
187020,Empire Falls,Richard Russo,"Russo, Richard",,"=""0375726403""","=""9780375726408""",0,3.94,Vintage Books,Paperback,483,2002,2001,,2025/01/01,to-read,to-read (#296),to-read,,,,0,0
199798785,Challenger: A True Story of Heroism and Disaster on the Edge of Space,Adam Higginbotham,"Higginbotham, Adam",,"=""198217661X""","=""9781982176617""",0,4.51,Avid Reader Press / Simon & Schuster,Hardcover,563,2024,2024,,2025/01/01,to-read,to-read (#295),to-read,,,,0,0
195391751,The Anthropologists,Aysegül Savas,"Savas, Aysegül",,"=""163973306X""","=""9781639733064""",0,3.88,Bloomsbury Publishing,Hardcover,192,2024,2024,,2025/01/01,to-read,to-read (#294),to-read,,,,0,0
197798168,All Fours,Miranda July,"July, Miranda",,"=""0593190262""","=""9780593190265""",0,3.47,Riverhead Books,Hardcover,336,2024,2024,,2025/01/01,to-read,to-read (#293),to-read,,,,0,0
174156150,"The Achilles Trap: Saddam Hussein, the C.I.A., and the Origins of America's Invasion of Iraq",Steve Coll,"Coll, Steve",,"=""0525562265""","=""9780525562269""",0,4.37,Penguin Press,Hardcover,576,2024,2024,,2025/01/01,to-read,to-read (#292),to-read,,,,0,0
46014601,Extra Time: 10 Lessons for an Ageing World,Camilla Cavendish,"Cavendish, Camilla",,"=""0008295174""","=""9780008295172""",0,4.05,HarperCollins,Paperback,272,2020,,,2024/12/29,to-read,to-read (#291),to-read,,,,0,0
199700434,The God of the Woods,Liz    Moore,"Moore, Liz",,"=""0593418913""","=""9780593418918""",0,4.13,Riverhead Books,Hardcover,478,2024,2024,,2024/12/17,to-read,to-read (#290),to-read,,,,0,0
133938826,Welcome to the Hyunam-Dong Bookshop,Hwang Bo-Reum,"Bo-Reum, Hwang",Shanna Tan,"=""""","=""""",0,3.92,Bloomsbury Publishing,Hardcover,307,2024,2022,,2024/12/17,to-read,to-read (#289),to-read,,,,0,0
198902277,The Wedding People,Alison Espach,"Espach, Alison",,"=""""","=""""",0,4.11,Henry Holt and Co.,Hardcover,384,2024,2024,,2024/12/17,to-read,to-read (#288),to-read,,,,0,0
431,"The New York Trilogy (New York Trilogy, #1-3)",Paul Auster,"Auster, Paul","Lucy Sante, Art Spiegelman","=""0143039830""","=""9780143039839""",0,3.86,Penguin Classics,Paperback,308,2006,1987,,2024/12/17,to-read,to-read (#287),to-read,,,,0,0
112975131,"The Kingdom, the Power, and the Glory: American Evangelicals in an Age of Extremism",Tim Alberta,"Alberta, Tim",,"=""006322688X""","=""9780063226883""",0,4.41,Harper,Kindle Edition,506,2023,2023,,2024/12/13,to-read,to-read (#286),to-read,,,,0,0
53466059,Azadi: Freedom. Fascism. Fiction,Arundhati Roy,"Roy, Arundhati",,"=""1642592609""","=""9781642592603""",0,4.10,Haymarket Books,Hardcover,240,2020,2020,,2024/12/10,to-read,to-read (#285),to-read,,,,0,0
659388,Nobody's Fool (Sully #1),Richard Russo,"Russo, Richard",,"=""0679753338""","=""9780679753339""",0,4.11,Vintage,Paperback,549,1994,1993,,2024/11/30,to-read,to-read (#284),to-read,,,,0,0
206101580,"The Great When (The Long London Quintet, #1)",Alan             Moore,"Moore, Alan",,"=""1635578841""","=""9781635578843""",0,3.61,Bloomsbury Publishing,Hardcover,315,2024,2024,,2024/11/29,to-read,to-read (#283),to-read,,,,0,0
30087886,The Crown Ain't Worth Much,Hanif Abdurraqib,"Abdurraqib, Hanif",,"=""1943735042""","=""9781943735044""",0,4.51,Button Poetry,Paperback,102,2016,2016,,2024/11/15,to-read,to-read (#282),to-read,,,,0,0
40207220,A Fortune for Your Disaster,Hanif Abdurraqib,"Abdurraqib, Hanif",,"=""""","=""""",0,4.46,Tin House Books,Unknown Binding,,2019,2019,,2024/11/15,to-read,to-read (#281),to-read,,,,0,0
212924295,Jacaranda,Gaël Faye,"Faye, Gaël",,"=""2246831458""","=""9782246831457""",0,4.47,Grasset,Paperback,282,2024,2024,,2024/11/04,to-read,to-read (#280),to-read,,,,0,0
209499400,Sonny Boy,Al Pacino,"Pacino, Al",,"=""0593655117""","=""9780593655115""",0,4.01,Penguin Press,Hardcover,384,2024,2024,,2024/10/30,to-read,to-read (#279),to-read,,,,0,0
56382342,Vanderbilt: The Rise and Fall of an American Dynasty,Anderson Cooper,"Cooper, Anderson",Katherine Howe,"=""0062964615""","=""9780062964618""",0,3.81,Harper,Hardcover,317,2021,2021,,2024/07/26,to-read,to-read (#278),to-read,,,,0,0
177058906,"Fluke: Chance, Chaos, and Why Everything We Do Matters",Brian Klaas,"Klaas, Brian",,"=""""","=""""",0,4.07,Scribner,Kindle Edition,335,2024,2024,,2024/07/24,to-read,to-read (#277),to-read,,,,0,0
25899336,When Breath Becomes Air,Paul Kalanithi,"Kalanithi, Paul",Abraham   Verghese,"=""0812988418""","=""9780812988413""",0,4.41,Random House,Kindle Edition,208,2016,2016,,2024/07/22,to-read,to-read (#276),to-read,,,,0,0
54976986,Great Circle,Maggie Shipstead,"Shipstead, Maggie",,"=""""","=""""",0,4.10,Knopf,Hardcover,608,2021,2021,,2024/07/19,to-read,to-read (#275),to-read,,,,0,0
23168277,"The Sympathizer (The Sympathizer, #1)",Viet Thanh Nguyen,"Nguyen, Viet Thanh",,"=""0802123457""","=""9780802123459""",0,4.01,Grove Press,Hardcover,371,2015,2015,,2024/06/26,to-read,to-read (#274),to-read,,,,0,0
200720040,Le nom sur le mur,Hervé Le Tellier,"Tellier, Hervé Le",,"=""2073061532""","=""9782073061539""",0,3.71,GALLIMARD,Paperback,176,2024,2024,,2024/06/20,to-read,to-read (#273),to-read,,,,0,0
34066798,A Gentleman in Moscow,Amor Towles,"Towles, Amor",,"=""""","=""""",0,4.32,Penguin Books,Paperback,462,2019,2016,,2024/05/05,to-read,to-read (#272),to-read,,,,0,0
7141642,The Thousand Autumns of Jacob de Zoet,David Mitchell,"Mitchell, David",,"=""1400065453""","=""9781400065455""",0,4.03,Random House,Hardcover,479,2010,2010,,2024/05/05,to-read,to-read (#271),to-read,,,,0,0
49628,Cloud Atlas,David Mitchell,"Mitchell, David",,"=""0375507256""","=""9780375507250""",0,4.01,Random House,Paperback,509,2004,2004,,2024/05/05,to-read,to-read (#270),to-read,,,,0,0
60784757,Birnam Wood,Eleanor Catton,"Catton, Eleanor",,"=""0374110336""","=""9780374110338""",0,3.80,"Farrar, Straus and Giroux",Hardcover,432,2023,2023,,2024/05/05,to-read,to-read (#269),to-read,,,,0,0
17333230,The Luminaries,Eleanor Catton,"Catton, Eleanor",,"=""0316074314""","=""9780316074315""",0,3.75,"Little, Brown and Company",Hardcover,848,2013,2013,,2024/05/05,to-read,to-read (#268),to-read,,,,0,0
456,Leviathan,Paul Auster,"Auster, Paul",,"=""0140178139""","=""9780140178135""",0,3.97,Penguin Publishing Group,Paperback,275,1993,1992,,2024/04/30,to-read,to-read (#267),to-read,,,,0,0
40611510,The Last Lecture,Randy Pausch,"Pausch, Randy",Jeffrey Zaslow,"=""""","=""""",0,4.26,Hachette Books,Kindle Edition,217,2008,2008,,2024/04/07,to-read,to-read (#266),to-read,,,,0,0
23375683,Voyage de noces,Patrick Modiano,"Modiano, Patrick",,"=""2070384543""","=""9782070384549""",4,3.69,FOLIO,Pocket Book,160,1992,1990,2024/03/16,2024/02/22,,,read,,,,1,0
56944169,"Paradis perdus (La traversée des temps, #1)",Éric-Emmanuel Schmitt,"Schmitt, Éric-Emmanuel",,"=""""","=""""",0,4.20,Albin Michel,Kindle Edition,576,2021,2021,,2024/03/12,to-read,to-read (#265),to-read,,,,0,0
2247142,"The Talented Mr. Ripley (Ripley, #1)",Patricia Highsmith,"Highsmith, Patricia",,"=""""","=""""",0,3.95,W. W. Norton  Company,Paperback,271,2008,1955,,2024/03/05,to-read,to-read (#264),to-read,,,,0,0
34724398,Quartier lointain,Jirō Taniguchi,"Taniguchi, Jirō",,"=""2203114797""","=""9782203114791""",5,4.40,Casterman,Paperback,408,2017,1998,2024/02/18,2024/02/10,,,read,,,,2,0
2257014,Dora Bruder (French Edition),Patrick Modiano,"Modiano, Patrick",,"=""2070748987""","=""9782070748983""",4,3.56,Gallimard,Paperback,160,1997,1997,2024/02/18,2023/10/11,,,read,,,,1,0
55216172,Empireland: How Imperialism has Shaped Modern Britain,Sathnam Sanghera,"Sanghera, Sathnam",,"=""0241445299""","=""9780241445297""",0,4.09,Viking,Hardcover,306,2021,2021,,2024/02/18,to-read,to-read (#263),to-read,,,,0,0
62047984,Yellowface,R.F. Kuang,"Kuang, R.F.",,"=""000853277X""","=""9780008532772""",0,3.74,William Morrow,Paperback,319,2023,2023,,2024/02/17,to-read,to-read (#262),to-read,,,,0,0
18144590,The Alchemist,Paulo Coelho,"Coelho, Paulo",,"=""0062315005""","=""9780062315007""",0,3.92,HarperOne,Paperback,182,2014,1988,,2024/02/04,to-read,to-read (#261),to-read,,,,0,0
38447,"The Handmaid’s Tale (The Handmaid's Tale, #1)",Margaret Atwood,"Atwood, Margaret",,"=""038549081X""","=""9780385490818""",0,4.15,Anchor Books,Paperback,311,1998,1985,,2024/02/04,to-read,to-read (#260),to-read,,,,0,0
127282874,The Rebel's Clinic: The Revolutionary Lives of Frantz Fanon,Adam Shatz,"Shatz, Adam",,"=""0374176426""","=""9780374176426""",0,4.22,"Farrar, Straus and Giroux",Hardcover,464,2024,2024,,2024/02/04,to-read,to-read (#259),to-read,,,,0,0
35917282,"Killers of the Flower Moon: Oil, Money, Murder and the Birth of the FBI",David Grann,"Grann, David",,"=""0857209035""","=""9780857209030""",0,4.14,Simon & Schuster UK,Paperback,339,2018,2017,2024/01/30,2023/09/20,,,read,,,,1,0
1902135,Call For the Dead,John Le Carré,"Carré, John Le",,"=""0140020667""","=""9780140020663""",0,3.85,Penguin Books,Paperback,157,1984,1961,,2024/01/08,to-read,to-read (#258),to-read,,,,0,0
15950478,The Making of the Atomic Bomb,Richard Rhodes,"Rhodes, Richard",,"=""1471111237""","=""9781471111235""",0,4.40,Simon & Schuster Ltd,Paperback,838,2012,1986,,2023/12/28,to-read,to-read (#257),to-read,,,,0,0
55881796,Crossroads,Jonathan Franzen,"Franzen, Jonathan",,"=""0374181179""","=""9780374181178""",3,4.06,"Farrar, Straus and Giroux",Hardcover,592,2021,2021,2023/12/26,2023/09/05,,,read,,,,1,0
59948520,In Memoriam,Alice Winn,"Winn, Alice",,"=""0593534565""","=""9780593534564""",0,4.51,Knopf,Hardcover,382,2023,2023,,2023/12/23,to-read,to-read (#256),to-read,,,,0,0
203305653,Au revoir là-haut,Pierre Lemaitre,"Lemaitre, Pierre",,"=""2226249672""","=""9782226249678""",4,4.20,Albin Michel,Paperback,567,2013,2013,2023/03/04,2023/12/05,,,read,,,,2,0
158875813,Prophet Song,Paul    Lynch,"Lynch, Paul",,"=""""","=""""",0,4.04,Oneworld Publications,ebook,259,2023,2023,,2023/11/26,to-read,to-read (#255),to-read,,,,0,0
2371,The Johnstown Flood,David McCullough,"McCullough, David",,"=""0844662925""","=""9780844662923""",0,4.13,Peter Smith Publisher,Hardcover,302,1987,1968,,2023/11/23,to-read,to-read (#254),to-read,,,,0,0
61834,A Night to Remember,Walter Lord,"Lord, Walter",Nathaniel Philbrick,"=""0805077642""","=""9780805077643""",0,4.09,St Martin's Griffin,Paperback,182,2005,1955,,2023/11/23,to-read,to-read (#253),to-read,,,,0,0
7624594,The Tiger: A True Story of Vengeance and Survival,John Vaillant,"Vaillant, John",,"=""0307268934""","=""9780307268938""",0,4.07,Knopf,Hardcover,329,2010,2010,,2023/11/23,to-read,to-read (#252),to-read,,,,0,0
78508,The River of Doubt: Theodore Roosevelt's Darkest Journey,Candice Millard,"Millard, Candice",,"=""0767913736""","=""9780767913737""",0,4.21,Anchor,Paperback,416,2006,2005,,2023/11/23,to-read,to-read (#251),to-read,,,,0,0
60880820,The Shards,Bret Easton Ellis,"Ellis, Bret Easton",,"=""059353560X""","=""9780593535608""",0,4.00,Alfred A. Knopf,Hardcover,595,2023,2023,,2023/11/21,to-read,to-read (#250),to-read,,,,0,0
135982568,Veiller sur elle,Jean-Baptiste Andrea,"Andrea, Jean-Baptiste",,"=""2378803753""","=""9782378803759""",0,4.30,Iconoclaste,Paperback,592,2023,2023,,2023/11/18,to-read,to-read (#249),to-read,,,,0,0
63156742,L'émouvante et singulière histoire du dernier des lecteurs,Daniel Fohr,"Fohr, Daniel",,"=""2290357553""","=""9782290357552""",0,3.08,J'AI LU,Pocket Book,160,2022,,,2023/11/16,to-read,to-read (#248),to-read,,,,0,0
53101,Nightwood,Djuna Barnes,"Barnes, Djuna","T.S. Eliot, Jeanette Winterson","=""0811216713""","=""9780811216715""",0,3.60,New Directions,Paperback,182,2006,1936,,2023/11/01,to-read,to-read (#247),to-read,,,,0,0
76171,We,Yevgeny Zamyatin,"Zamyatin, Yevgeny",Clarence Brown,"=""0140185852""","=""9780140185850""",0,3.88,Penguin Books,Paperback,256,1993,1924,,2023/10/28,to-read,to-read (#246),to-read,,,,0,0
57338417,Le Roman de Jim,Pierric Bailly,"Bailly, Pierric",,"=""2818052394""","=""9782818052396""",0,4.14,P.O.L,Paperback,256,2021,,,2023/10/28,to-read,to-read (#245),to-read,,,,0,0
32079662,Le Problème à trois corps,Liu Cixin,"Cixin, Liu",Gwennaël Gaffric,"=""2330070748""","=""9782330070748""",0,4.08,Actes Sud,Paperback,432,2016,2006,,2023/10/28,to-read,to-read (#244),to-read,,,,0,0
16072177,L'Herbe des nuits,Patrick Modiano,"Modiano, Patrick",,"=""2070138879""","=""9782070138876""",3,3.42,Gallimard,Paperback,176,2012,2012,2023/10/15,2023/10/09,,,read,,,,1,0
1977834,Dans le café de la jeunesse perdue,Patrick Modiano,"Modiano, Patrick",,"=""2070786064""","=""9782070786060""",0,3.53,Gallimard,Paperback,160,2007,2007,,2023/10/11,to-read,to-read (#243),to-read,,,,0,0
192376,Dimanches d'août,Patrick Modiano,"Modiano, Patrick",,"=""2070381307""","=""9782070381302""",0,3.55,French and European Publications Inc,Paperback,186,1989,1986,,2023/10/11,to-read,to-read (#242),to-read,,,,0,0
323512,Les Boulevards de ceinture,Patrick Modiano,"Modiano, Patrick",,"=""0785933905""","=""9780785933908""",0,3.51,French & European Pubns,Paperback,0,1978,1972,,2023/10/11,to-read,to-read (#241),to-read,,,,0,0
323535,La Place de l’Étoile,Patrick Modiano,"Modiano, Patrick",,"=""0785928820""","=""9780785928829""",0,3.14,Folio,Mass Market Paperback,218,1975,1968,,2023/10/11,to-read,to-read (#240),to-read,,,,0,0
323479,La Ronde de nuit,Patrick Modiano,"Modiano, Patrick",,"=""2070368351""","=""9782070368358""",0,3.27,French and European Publications Inc,Pocket Book,152,1998,1969,,2023/10/11,to-read,to-read (#239),to-read,,,,0,0
323477,La Petite Bijou (Collection Folio),Patrick Modiano,"Modiano, Patrick",,"=""207042538X""","=""9782070425389""",0,3.42,French and European Publications Inc,Paperback,168,2002,2001,,2023/10/11,to-read,to-read (#238),to-read,,,,0,0
192377,Rue des Boutiques Obscures,Patrick Modiano,"Modiano, Patrick",,"=""2070373584""","=""9782070373581""",0,3.63,Gallimard,Paperback,250,1982,1978,,2023/10/11,to-read,to-read (#237),to-read,,,,0,0
20507062,En finir avec Eddy Bellegueule,Édouard Louis,"Louis, Édouard",,"=""2021117707""","=""9782021117707""",5,3.94,SEUIL,Paperback,220,2014,2014,2023/10/07,2023/09/13,,,read,,,,1,0
51449523,Complex Systems and Population Health,Yorghos Apostolopoulos,"Apostolopoulos, Yorghos","Kristen Hassmiller Lich, Michael K. Lemke","=""0190880740""","=""9780190880743""",0,4.33,Oxford University Press,Paperback,336,2020,,,2023/09/28,to-read,to-read (#236),to-read,,,,0,0
25273751,"A Crude Look at the Whole: The Science of Complex Systems in Business, Life, and Society",John H.  Miller,"Miller, John H.",,"=""0465055699""","=""9780465055692""",0,3.70,Basic Books,Hardcover,272,2016,2016,,2023/09/21,to-read,to-read (#235),to-read,,,,0,0
18554985,The Systems View of Life: A Unifying Vision,Fritjof Capra,"Capra, Fritjof",Pier Luigi Luisi,"=""1107011361""","=""9781107011366""",0,4.29,Cambridge University Press,Hardcover,510,2014,2014,,2023/09/21,to-read,to-read (#234),to-read,,,,0,0
1617,Night,Elie Wiesel,"Wiesel, Elie","Marion Wiesel, François Mauriac","=""0374500010""","=""9780374500016""",0,4.38,Hill & Wang,Paperback,120,2006,1956,,2023/09/20,to-read,to-read (#233),to-read,,,,0,0
6493208,The Immortal Life of Henrietta Lacks,Rebecca Skloot,"Skloot, Rebecca",,"=""1400052173""","=""9781400052172""",0,4.13,Crown Publishing Group,Hardcover,370,2010,2010,,2023/09/20,to-read,to-read (#232),to-read,,,,0,0
60194162,Demon Copperhead,Barbara Kingsolver,"Kingsolver, Barbara",,"=""""","=""""",0,4.47,Harper,Hardcover,560,2022,2022,,2023/09/20,to-read,to-read (#231),to-read,,,,0,0
61714633,"The Wager: A Tale of Shipwreck, Mutiny and Murder",David Grann,"Grann, David",,"=""0385534264""","=""9780385534260""",0,4.17,Doubleday,Hardcover,331,2023,2023,,2023/09/20,to-read,to-read (#230),to-read,,,,0,0
59848291,La Commode aux Tiroirs de Couleurs,Véronique Grisseaux,"Grisseaux, Véronique","Winoc, Amélie Causse","=""2818986354""","=""9782818986356""",4,4.02,Bamboo,Hardcover,80,2021,,2023/09/13,2023/09/03,,,read,,,,2,0
39735861,Qui a tué mon père,Édouard Louis,"Louis, Édouard",,"=""2021399435""","=""9782021399431""",4,4.17,Seuil,Paperback,96,2018,2018,2023/09/13,2023/09/13,,,read,,,,2,0
16033842,"La Vérité sur l'Affaire Harry Quebert (Marcus Goldman, #1)",Joël Dicker,"Dicker, Joël",,"=""2877068161""","=""9782877068161""",1,4.20,De Fallois,Paperback,863,2012,2012,,2023/09/03,,,read,"An incredibly poorly written book, laden with clichés and unimaginative. ",,,1,0
61281793,The Ship Beneath the Ice: The Discovery of Shackleton’s Endurance,Mensun Bound,"Bound, Mensun",,"=""0063297426""","=""9780063297425""",0,4.12,Mariner Books,Kindle Edition,409,2023,2022,,2023/08/30,to-read,to-read (#229),to-read,,,,0,0
61359508,Le goûter du lion,Ito Ogawa,"Ogawa, Ito",Déborah Pierret-Watanabe,"=""280971598X""","=""9782809715989""",0,4.25,Picquier,Paperback,272,2022,2019,,2023/08/26,to-read,to-read (#228),to-read,,,,0,0
61982153,Les sacrifiés,Sylvie le Bihan,"Bihan, Sylvie le",,"=""2207166287""","=""9782207166284""",0,4.10,Denoël,Kindle Edition,384,2022,,,2023/08/26,to-read,to-read (#227),to-read,,,,0,0
58891551,Young Mungo,Douglas   Stuart,"Stuart, Douglas",,"=""0802159559""","=""9780802159557""",0,4.38,Grove Press,Hardcover,390,2022,2022,,2023/08/11,to-read,to-read (#226),to-read,,,,0,0
141352352,Anansi's Gold: The Man Who Swindled the World,Yepoka Yeebo,"Yeebo, Yepoka",,"=""1526667045""","=""9781526667045""",0,3.79,Bloomsbury Circus,Kindle Edition,390,2023,2023,,2023/08/04,to-read,to-read (#225),to-read,,,,0,0
67995346,All The Sinners Bleed,S.A. Cosby,"Cosby, S.A.",,"=""1472299167""","=""9781472299161""",0,4.21,Headline,Kindle Edition,352,2023,2023,,2023/08/04,to-read,to-read (#224),to-read,,,,0,0
2211396,"Havoc, in Its Third Year: A Novel",Ronan Bennett,"Bennett, Ronan",,"=""0743258576""","=""9780743258579""",0,3.58,Simon & Schuster,Paperback,256,2007,2004,,2023/08/03,to-read,to-read (#223),to-read,,,,0,0
37768187,The Crow Road,Iain Banks,"Banks, Iain",,"=""0349142831""","=""9780349142838""",0,4.09,Abacus,Paperback,512,2017,1992,,2023/08/03,to-read,to-read (#222),to-read,,,,0,0
21455159,"Do No Harm: Stories of Life, Death and Brain Surgery",Henry Marsh,"Marsh, Henry",,"=""0297869884""","=""9780297869887""",0,4.25,Weidenfeld & Nicolson,Kindle Edition,289,2014,2014,,2023/08/03,to-read,to-read (#221),to-read,,,,0,0
30151971,The Mistletoe Murder and Other Stories,P.D. James,"James, P.D.",,"=""0451494148""","=""9780451494146""",4,3.75,Knopf,Hardcover,152,2016,2016,2023/07/29,2023/07/28,,,read,,,,1,0
3832,"Cover Her Face (Adam Dalgliesh, #1)",P.D. James,"James, P.D.",,"=""0743219570""","=""9780743219570""",0,3.91,Scribner,Paperback,250,2001,1962,,2023/07/28,to-read,to-read (#220),to-read,,,,0,0
61200281,Sa préférée,Sarah Jollien-Fardel,"Jollien-Fardel, Sarah",,"=""2848054565""","=""9782848054568""",0,4.06,Sabine Wespieser,Paperback,208,2022,,,2023/07/23,to-read,to-read (#219),to-read,,,,0,0
60882951,Le Mage du Kremlin,Giuliano da Empoli,"Empoli, Giuliano da",,"=""2072958164""","=""9782072958168""",4,4.07,Gallimard,Paperback,288,2022,2022,2023/07/23,2023/01/07,,,read,,,,1,0
62039291,King: A Life,Jonathan Eig,"Eig, Jonathan",,"=""0374279292""","=""9780374279295""",0,4.65,"Farrar, Straus and Giroux",Hardcover,688,2023,2023,,2023/07/01,to-read,to-read (#218),to-read,,,,0,0
2767,A People’s History of the United States: 1492 - Present,Howard Zinn,"Zinn, Howard",,"=""0060838655""","=""9780060838652""",0,4.08,Harper Perennial,Paperback,729,1995,1980,,2023/07/01,to-read,to-read (#217),to-read,,,,0,0
59962059,Le Grand Monde,Pierre Lemaitre,"Lemaitre, Pierre",,"=""2702180817""","=""9782702180815""",5,4.09,Calmann-Levy,Paperback,592,2022,2022,2023/07/01,2022/09/05,,,read,,,,1,0
38300,A River Runs Through It,Norman Maclean,"Maclean, Norman",Barry Moser,"=""0226500608""","=""9780226500607""",0,4.15,University of Chicago Press,Hardcover,161,1989,1976,,2023/06/17,to-read,to-read (#216),to-read,,,,0,0
42270835,The Nickel Boys,Colson Whitehead,"Whitehead, Colson",,"=""""","=""""",4,4.26,Doubleday,ebook,213,2019,2019,2023/06/07,2019/08/16,,,read,,,,1,0
52905471,Why We Swim,Bonnie Tsui,"Tsui, Bonnie",,"=""1616207868""","=""9781616207861""",0,3.95,Algonquin Books,Hardcover,288,2020,2020,,2023/06/04,to-read,to-read (#215),to-read,,,,0,0
132109,Le Soleil des Scorta,Laurent Gaudé,"Gaudé, Laurent",,"=""""","=""""",3,4.05,Babel,Mass Market Paperback,284,2005,2004,,2021/10/26,,,read,,,,1,0
50243533,Miroir de nos peines,Pierre Lemaitre,"Lemaitre, Pierre",,"=""2226449752""","=""9782226449757""",5,4.07,ALBIN MICHEL,Kindle Edition,525,2020,2020,2023/05/15,2023/04/07,,,read,,,,1,0
31450930,So Much Blue,Percival Everett,"Everett, Percival",,"=""1555977820""","=""9781555977825""",0,4.01,Graywolf Press,Paperback,236,2017,2017,,2023/05/08,to-read,to-read (#214),to-read,,,,0,0
6080748,I Am Not Sidney Poitier,Percival Everett,"Everett, Percival",,"=""1555975275""","=""9781555975272""",0,4.00,Graywolf Press,Paperback,234,2009,2009,,2023/05/08,to-read,to-read (#213),to-read,,,,0,0
51541232,Telephone,Percival Everett,"Everett, Percival",,"=""1644450224""","=""9781644450222""",0,3.98,Graywolf Press,Paperback,216,2020,2020,,2023/05/08,to-read,to-read (#212),to-read,,,,0,0
355862,Erasure,Percival Everett,"Everett, Percival",,"=""0786888156""","=""9780786888153""",0,4.17,Hyperion,Paperback,280,2002,2001,,2023/05/08,to-read,to-read (#211),to-read,,,,0,0
816,Cryptonomicon,Neal Stephenson,"Stephenson, Neal",,"=""""","=""""",0,4.23,Avon,Mass Market Paperback,1152,2002,1999,,2023/05/07,to-read,to-read (#210),to-read,,,,0,0
56269278,The Trees,Percival Everett,"Everett, Percival",,"=""164445064X""","=""9781644450642""",4,4.06,Graywolf Press,Paperback,309,2021,2021,2023/05/07,2022/08/10,,,read,,,,1,0
63391546,The God Desire,David Baddiel,"Baddiel, David",,"=""000855028X""","=""9780008550288""",0,3.67,TLS Books,Hardcover,112,2023,2023,,2023/04/24,to-read,to-read (#209),to-read,,,,0,0
10086357,"Rivers of London (Rivers of London, #1)",Ben Aaronovitch,"Aaronovitch, Ben",,"=""""","=""""",0,3.85,Gollancz,Paperback,392,2011,2011,,2023/04/22,to-read,to-read (#208),to-read,,,,0,0
46347,All the Shah's Men: An American Coup and the Roots of Middle East Terror,Stephen Kinzer,"Kinzer, Stephen",,"=""0471678783""","=""9780471678786""",0,4.29,"John Wiley & Sons (Hoboken, NJ)",Paperback,272,2004,2003,,2023/04/21,to-read,to-read (#207),to-read,,,,0,0
34237826,Grant,Ron Chernow,"Chernow, Ron",,"=""159420487X""","=""9781594204876""",0,4.50,Penguin Press ,Hardcover,1074,2017,2017,,2023/04/10,to-read,to-read (#206),to-read,,,,0,0
37800217,Couleurs de l'incendie,Pierre Lemaitre,"Lemaitre, Pierre",,"=""""","=""""",4,4.14,ALBIN MICHEL,Kindle Edition,481,2018,2018,2023/04/07,2023/03/12,,,read,,,,1,0
23636283,Le réveil des morts,Roland Dorgelès,"Dorgelès, Roland",,"=""""","=""""",0,4.50,Albin Michel,Leather Bound,313,1923,1923,,2023/03/04,to-read,to-read (#205),to-read,,,,0,0
35713372,La Victoire endeuillée. La sortie de guerre des soldats français (1918-1920) (L'Univers historique) (French Edition),Bruno Cabanes,"Cabanes, Bruno",,"=""""","=""""",0,4.00,Le Seuil,Kindle Edition,576,2014,,,2023/03/04,to-read,to-read (#204),to-read,,,,0,0
38501,Ham on Rye,Charles Bukowski,"Bukowski, Charles",,"=""006117758X""","=""9780061177583""",0,4.14,Ecco,Paperback,288,2014,1982,,2023/02/21,to-read,to-read (#203),to-read,,,,0,0
37542581,The Spy and the Traitor: The Greatest Espionage Story of the Cold War,Ben Macintyre,"Macintyre, Ben",,"=""0771060335""","=""9780771060335""",4,4.52,Signal,Hardcover,384,2018,2018,2023/02/18,2023/01/06,,,read,,,,1,0
28503837,"Rogue Heroes: The History of the SAS, Britain's Secret Special Forces Unit That Sabotaged the Nazis and Changed the Nature of War",Ben Macintyre,"Macintyre, Ben",,"=""110190416X""","=""9781101904169""",0,4.36,Crown,Hardcover,400,2016,2016,,2023/02/14,to-read,to-read (#202),to-read,,,,0,0
18773666,A Spy Among Friends: Kim Philby and the Great Betrayal,Ben Macintyre,"Macintyre, Ben",John Le Carré,"=""0804136637""","=""9780804136631""",0,4.19,Crown Publishers,Hardcover,368,2014,2014,,2023/02/14,to-read,to-read (#201),to-read,,,,0,0
7632329,Operation Mincemeat: How a Dead Man and a Bizarre Plan Fooled the Nazis and Assured an Allied Victory,Ben Macintyre,"Macintyre, Ben",,"=""0747598681""","=""9780747598688""",0,4.03,Bloomsbury,Hardcover,416,2010,2010,,2023/02/14,to-read,to-read (#200),to-read,,,,0,0
884483,An Incomplete History of the Art of the Funerary Violin,Rohan Kriwaczek,"Kriwaczek, Rohan",,"=""1585678260""","=""9781585678266""",0,3.80,Abrams Press,Hardcover,224,2006,2006,,2023/02/10,to-read,to-read (#199),to-read,,,,0,0
51648276,Drive Your Plow Over the Bones of the Dead,Olga Tokarczuk,"Tokarczuk, Olga","Antonia Lloyd-Jones, Beata Poźniak","=""""","=""""",0,3.95,Penguin Audio,Audible Audio,274,2019,2009,,2023/02/01,to-read,to-read (#198),to-read,,,,0,0
62976,La vieja sirena,José Luis Sampedro,"Sampedro, José Luis",,"=""8401427177""","=""9788401427176""",0,4.18,Plaza & Janes Editores,Paperback,736,1998,1990,,2023/01/23,to-read,to-read (#197),to-read,,,,0,0
1898,Into Thin Air: A Personal Account of the Mt. Everest Disaster,Jon Krakauer,"Krakauer, Jon",,"=""""","=""""",0,4.26,Anchor Books,Paperback,368,1999,1997,,2023/01/18,to-read,to-read (#196),to-read,,,,0,0
1845,Into the Wild,Jon Krakauer,"Krakauer, Jon",,"=""0385486804""","=""9780385486804""",0,4.02,Anchor Books,Paperback,207,1997,1996,,2023/01/18,to-read,to-read (#195),to-read,,,,0,0
10847,Under the Banner of Heaven: A Story of Violent Faith,Jon Krakauer,"Krakauer, Jon",,"=""0330419129""","=""9780330419123""",4,4.01,Pan MacMillan,Paperback,400,2004,2003,2023/01/05,2022/09/07,,,read,,,,1,0
22822858,A Little Life,Hanya Yanagihara,"Yanagihara, Hanya",,"=""0385539258""","=""9780385539258""",0,4.29,Doubleday,Hardcover,720,2015,2015,,2022/12/26,to-read,to-read (#194),to-read,,,,0,0
60436211,"A History of Water: Being an Account of a Murder, an Epic and Two Visions of Global History",Edward Wilson-Lee,"Wilson-Lee, Edward",,"=""0008358222""","=""9780008358228""",0,3.78,William Collins,Hardcover,344,2022,2022,,2022/12/25,to-read,to-read (#193),to-read,,,,0,0
59537564,Abyss: The Cuban Missile Crisis 1962,Max Hastings,"Hastings, Max",,"=""0008364990""","=""9780008364991""",0,4.39,William Collins,Hardcover,540,2022,2022,,2022/12/25,to-read,to-read (#192),to-read,,,,0,0
52744975,Afterlives,Abdulrazak Gurnah,"Gurnah, Abdulrazak",,"=""""","=""""",0,3.77,Bloomsbury,Hardcover,288,2020,2020,,2022/12/24,to-read,to-read (#191),to-read,,,,0,0
60471573,Liberation Day,George Saunders,"Saunders, George",,"=""0525509593""","=""9780525509592""",0,3.99,Random House,Hardcover,256,2022,2022,,2022/12/24,to-read,to-read (#190),to-read,,,,0,0
59069071,Ducks: Two Years in the Oil Sands,Kate Beaton,"Beaton, Kate",,"=""1770462899""","=""9781770462892""",0,4.40,Drawn and Quarterly,Hardcover,430,2022,2022,,2022/12/24,to-read,to-read (#189),to-read,,,,0,0
57926137,Black Cake,Charmaine Wilkerson,"Wilkerson, Charmaine",,"=""""","=""""",0,4.09,Ballantine Books,Hardcover,385,2022,2022,,2022/12/24,to-read,to-read (#188),to-read,,,,0,0
58210933,Trust,Hernan Diaz,"Diaz, Hernan",,"=""0593420314""","=""9780593420317""",0,3.81,Riverhead Books,Hardcover,402,2022,2022,,2022/12/24,to-read,to-read (#187),to-read,,,,0,0
118190,London: City of Disappearances,Iain Sinclair,"Sinclair, Iain",,"=""0241142997""","=""9780241142998""",0,3.74,Hamish Hamilton Ltd. (an Imprint of Penguin Books),Hardcover,672,2006,2006,,2022/12/21,to-read,to-read (#186),to-read,,,,0,0
71570266,RETROSPECTIVE,Juan Gabriel Vásquez,"Vásquez, Juan Gabriel",,"=""1529418631""","=""9781529418637""",0,4.36,MacLehose Press,Paperback,494,2023,2020,,2022/12/20,to-read,to-read (#185),to-read,,,,0,0
41681,The Jungle,Upton Sinclair,"Sinclair, Upton","Earl Lee, Kathleen De Grave","=""1884365302""","=""9781884365300""",0,3.78,See Sharp Press,Paperback,335,2003,1906,,2022/12/17,to-read,to-read (#184),to-read,,,,0,0
59452048,Violeta,Isabel Allende,"Allende, Isabel",,"=""1644734788""","=""9781644734780""",0,4.03,Vintage Español,Hardcover,400,2022,2022,,2022/12/16,to-read,to-read (#183),to-read,,,,0,0
397483,"The Devil in the White City: Murder, Magic, and Madness at the Fair That Changed America",Erik Larson,"Larson, Erik",,"=""0609608444""","=""9780609608449""",5,4.00,Crown Publishers,Hardcover,464,2003,2003,2022/12/14,2022/10/10,,,read,,,,1,0
6403180,Robe de marié,Pierre Lemaitre,"Lemaitre, Pierre",,"=""2702139752""","=""9782702139752""",0,3.94,Calmann-Lévy,Paperback,270,2009,2009,,2022/12/07,to-read,to-read (#182),to-read,,,,0,0
24322147,"Vernon Subutex 1 (Vernon Subutex, #1)",Virginie Despentes,"Despentes, Virginie",,"=""224671351X""","=""9782246713517""",0,3.91,Grasset,Paperback,430,2015,2015,,2022/12/07,to-read,to-read (#181),to-read,,,,0,0
58789056,Need to Know: World War II and the Rise of American Intelligence,Nicholas E. Reynolds,"Reynolds, Nicholas E.",,"=""0062967479""","=""9780062967473""",0,3.87,Custom House ,Hardcover,400,2022,2022,,2022/11/28,to-read,to-read (#180),to-read,,,,0,0
59882928,Jollof Rice and Other Revolutions: A Novel in Interlocking Stories,Omolola Ijeoma Ogunyemi,"Ogunyemi, Omolola Ijeoma",,"=""0063117045""","=""9780063117044""",0,3.96,Amistad,Hardcover,238,2022,2022,,2022/11/25,to-read,to-read (#179),to-read,,,,0,0
566328,The Betrothed,Alessandro Manzoni,"Manzoni, Alessandro",Bruce Penman,"=""014044274X""","=""9780140442748""",0,3.87,Penguin Classics,Paperback,720,1984,1827,,2022/11/25,to-read,to-read (#178),to-read,,,,0,0
61276760,Arthur Miller Lib/E: American Witness,John Lahr,"Lahr, John",,"=""""","=""9798212197731""",0,3.96,Blackstone Publishing,Audio CD,,2022,,,2022/11/03,to-read,to-read (#177),to-read,,,,0,0
55922488,Cinema Speculation,Quentin Tarantino,"Tarantino, Quentin",,"=""0063112582""","=""9780063112582""",0,4.05,HarperCollins,Hardcover,391,2022,2022,,2022/10/31,to-read,to-read (#176),to-read,,,,0,0
45734815,README.txt,Chelsea Manning,"Manning, Chelsea",,"=""0374279276""","=""9780374279271""",0,4.23,"Farrar, Straus and Giroux",Hardcover,272,2022,2022,,2022/10/18,to-read,to-read (#175),to-read,,,,0,0
54788896,Como polvo en el viento,Leonardo Padura,"Padura, Leonardo",,"=""8490668612""","=""9788490668610""",0,4.15,Tusquets Editores,Paperback,672,2020,2020,,2022/10/10,to-read,to-read (#174),to-read,,,,0,0
4137,Me Talk Pretty One Day,David Sedaris,"Sedaris, David",,"=""0349113912""","=""9780349113913""",0,4.01,"Little, Brown and Company",Paperback,272,2001,2000,,2022/09/10,to-read,to-read (#173),to-read,,,,0,0
16793,Stardust,Neil Gaiman,"Gaiman, Neil",,"=""0061142026""","=""9780061142024""",4,4.10,Harper Perennial,Paperback,248,2006,1999,2022/09/09,2022/08/20,,,read,,,,1,0
54120408,Klara and the Sun,Kazuo Ishiguro,"Ishiguro, Kazuo",,"=""059331817X""","=""9780593318171""",0,3.74,Alfred A. Knopf,Hardcover,303,2021,2021,,2022/09/09,to-read,to-read (#172),to-read,,,,0,0
38452936,Superman Smashes the Klan,Gene Luen Yang,"Yang, Gene Luen",Gurihiru,"=""1401298419""","=""9781401298418""",0,4.50,DC Zoom,Hardcover,240,2020,2020,,2022/09/02,to-read,to-read (#171),to-read,,,,0,0
60791978,Les Innocents,Mahir Guven,"Guven, Mahir",,"=""""","=""""",0,4.04,Grasset,Kindle Edition,482,2022,,,2022/08/27,to-read,to-read (#170),to-read,,,,0,0
58772746,Two Nights in Lisbon,Chris  Pavone,"Pavone, Chris",,"=""0374604762""","=""9780374604769""",0,3.71,MCD,Hardcover,436,2022,2022,,2022/08/22,to-read,to-read (#169),to-read,,,,0,0
40044460,Split Tooth,Tanya Tagaq,"Tagaq, Tanya",,"=""0143198041""","=""9780143198048""",0,3.90,Viking,Kindle Edition,202,2018,2018,,2022/08/22,to-read,to-read (#168),to-read,,,,0,0
11275,The Wind-Up Bird Chronicle,Haruki Murakami,"Murakami, Haruki",Jay Rubin,"=""0965341984""","=""9780965341981""",0,4.14,Knopf,Paperback,607,1997,1994,,2022/08/22,to-read,to-read (#167),to-read,,,,0,0
58446227,Sea of Tranquility,Emily St. John Mandel,"Mandel, Emily St. John",,"=""0593321448""","=""9780593321447""",0,4.06,Knopf,Hardcover,259,2022,2022,,2022/08/22,to-read,to-read (#166),to-read,,,,0,0
58537371,Nightcrawling,Leila Mottley,"Mottley, Leila",,"=""0593318935""","=""9780593318935""",0,3.96,Knopf,Hardcover,277,2022,2022,,2022/08/22,to-read,to-read (#165),to-read,,,,0,0
58784475,"Tomorrow, and Tomorrow, and Tomorrow",Gabrielle Zevin,"Zevin, Gabrielle",,"=""0735243344""","=""9780735243347""",0,4.13,Knopf,Hardcover,401,2022,2022,,2022/08/22,to-read,to-read (#164),to-read,,,,0,0
14497,"Neverwhere (London Below, #1)",Neil Gaiman,"Gaiman, Neil",,"=""0060557818""","=""9780060557812""",0,4.16,William Morrow Paperbacks,Paperback,370,2003,1996,,2022/08/20,to-read,to-read (#163),to-read,,,,0,0
30165203,American Gods,Neil Gaiman,"Gaiman, Neil",,"=""""","=""""",0,4.10,William Morrow,Kindle Edition,635,2011,2001,,2022/08/20,to-read,to-read (#162),to-read,,,,0,0
15783514,The Ocean at the End of the Lane,Neil Gaiman,"Gaiman, Neil",,"=""0062255657""","=""9780062255655""",0,4.02,William Morrow Books,Hardcover,181,2013,2013,,2022/08/20,,,read,,,,1,0
43363624,Say Nothing: A True Story of Murder and Memory in Northern Ireland,Patrick Radden Keefe,"Keefe, Patrick Radden",,"=""0008159262""","=""9780008159269""",5,4.47,William Collins,Paperback,511,2019,2018,2022/08/18,2022/04/06,,,read,,,,1,0
59149034,How to Raise an Antiracist,Ibram X. Kendi,"Kendi, Ibram X.",,"=""059324253X""","=""9780593242537""",0,4.41,One World,Hardcover,288,2022,2022,,2022/08/15,to-read,to-read (#161),to-read,,,,0,0
54998251,"Four Hundred Souls: A Community History of African America, 1619-2019",Ibram X. Kendi,"Kendi, Ibram X.",Keisha N. Blain,"=""0593134044""","=""9780593134047""",0,4.56,One World,Hardcover,504,2021,2021,,2022/08/15,to-read,to-read (#160),to-read,,,,0,0
40265832,How to Be an Antiracist,Ibram X. Kendi,"Kendi, Ibram X.",,"=""0525509283""","=""9780525509288""",0,4.37,One World,Hardcover,305,2019,2019,,2022/08/15,to-read,to-read (#159),to-read,,,,0,0
25898216,Stamped from the Beginning: The Definitive History of Racist Ideas in America,Ibram X. Kendi,"Kendi, Ibram X.",,"=""1568584636""","=""9781568584638""",0,4.53,Bold Type Books,Hardcover,592,2016,2016,,2022/08/15,to-read,to-read (#158),to-read,,,,0,0
54626223,"Harlem Shuffle (Ray Carney, #1)",Colson Whitehead,"Whitehead, Colson",,"=""0385545134""","=""9780385545136""",0,3.73,Doubleday,Hardcover,318,2021,2021,,2022/08/15,to-read,to-read (#157),to-read,,,,0,0
2279,Truman,David McCullough,"McCullough, David",,"=""0671869205""","=""9780671869205""",0,4.17,Simon  Schuster,Paperback,1120,1993,1992,,2022/08/15,to-read,to-read (#156),to-read,,,,0,0
59366234,Maps of Our Spectacular Bodies,Maddie Mortimer,"Mortimer, Maddie",,"=""198218177X""","=""9781982181772""",0,3.96,Scribner,Paperback,448,2022,2022,,2022/08/10,to-read,to-read (#155),to-read,,,,0,0
25848382,Being Mortal: Medicine and What Matters in the End,Atul Gawande,"Gawande, Atul",,"=""1846685826""","=""9781846685828""",0,4.49,Profile Books,Paperback,282,2015,2014,,2022/08/04,to-read,to-read (#154),to-read,,,,0,0
43868109,Empire of Pain: The Secret History of the Sackler Dynasty,Patrick Radden Keefe,"Keefe, Patrick Radden",,"=""0385545681""","=""9780385545686""",0,4.54,Doubleday,Hardcover,535,2021,2021,,2022/08/02,to-read,to-read (#153),to-read,,,,0,0
65253,A Journey to the End of the Millennium,A.B. Yehoshua,"Yehoshua, A.B.","André Bernard, Nicholas de Lange","=""0156011166""","=""9780156011167""",0,3.77,HarperVia,Paperback,352,2000,1996,,2022/07/10,to-read,to-read (#152),to-read,,,,0,0
10252302,Blue Nights,Joan Didion,"Didion, Joan",,"=""0307267679""","=""9780307267672""",0,3.94,Knopf,Hardcover,208,2011,2011,,2022/07/10,to-read,to-read (#151),to-read,,,,0,0
96123,All the President’s Men,Carl Bernstein,"Bernstein, Carl",Bob Woodward,"=""1416522913""","=""9781416522911""",0,4.18,Pocket Books,Mass Market Paperback,480,2005,1974,,2022/06/17,to-read,to-read (#150),to-read,,,,0,0
42389,"Band of Brothers: E Company, 506th Regiment, 101st Airborne from Normandy to Hitler's Eagle's Nest",Stephen E. Ambrose,"Ambrose, Stephen E.",,"=""0743464117""","=""9780743464116""",0,4.44,Simon & Schuster; Media Tie-In edition,Paperback,432,2002,1992,,2022/05/28,to-read,to-read (#149),to-read,,,,0,0
11717571,The Patrick Melrose Novels,Edward St. Aubyn,"Aubyn, Edward St.",,"=""0312429967""","=""9780312429966""",0,4.06,Picador,Paperback,680,2012,2012,,2022/05/26,to-read,to-read (#148),to-read,,,,0,0
18582850,The Nazi and the Barber,Edgar Hilsenrath,"Hilsenrath, Edgar",Andrew White,"=""3981609204""","=""9783981609202""",0,3.99,Barber Press,Hardcover,412,2013,1971,,2022/05/23,to-read,to-read (#147),to-read,,,,0,0
168668,Catch-22,Joseph Heller,"Heller, Joseph",,"=""0684833395""","=""9780684833392""",0,3.99,Simon & Schuster ,Paperback,453,2004,1961,,2022/05/23,to-read,to-read (#146),to-read,,,,0,0
53091994,Black Buck,Mateo Askaripour,"Askaripour, Mateo",,"=""""","=""""",0,3.70,Houghton Mifflin Harcourt,Hardcover,388,2021,2021,,2022/05/23,to-read,to-read (#145),to-read,,,,0,0
28881,"Lamb: The Gospel According to Biff, Christ’s Childhood Pal",Christopher Moore,"Moore, Christopher",,"=""0380813815""","=""9780380813810""",0,4.23,Harper Perennial,Paperback,444,2004,2002,,2022/05/19,to-read,to-read (#144),to-read,,,,0,0
37941619,Berlin,Jason Lutes,"Lutes, Jason",,"=""1770463267""","=""9781770463264""",4,4.45,Drawn and Quarterly,Hardcover,580,2018,2018,2022/05/19,2021/04/05,,,read,,,,1,0
6801529,The Gonzo Papers Anthology (The Gonzo Papers #1-3),Hunter S. Thompson,"Thompson, Hunter S.",,"=""1447200527""","=""9781447200529""",0,4.30,Picador,Paperback,1238,2009,2007,,2022/05/03,to-read,to-read (#143),to-read,,,,0,0
7748,Fear and Loathing: On the Campaign Trail '72,Hunter S. Thompson,"Thompson, Hunter S.",,"=""0446698229""","=""9780446698221""",0,4.13,Grand Central Publishing,Paperback,481,2006,1973,,2022/05/03,to-read,to-read (#142),to-read,,,,0,0
10882,Hell's Angels,Hunter S. Thompson,"Thompson, Hunter S.",Sylvie Durastanti,"=""222109073X""","=""9782221090732""",0,3.98,Robert Laffont,Paperback,295,2000,1966,,2022/05/03,to-read,to-read (#141),to-read,,,,0,0
18864,The Rum Diary,Hunter S. Thompson,"Thompson, Hunter S.",,"=""0684856476""","=""9780684856476""",0,3.85,Scribner / Simon & Schuster,Paperback,224,1999,1998,,2022/05/03,,,read,,,,1,0
7745,Fear and Loathing in Las Vegas: A Savage Journey to the Heart of the American Dream,Hunter S. Thompson,"Thompson, Hunter S.",Ralph Steadman,"=""0679785892""","=""9780679785897""",0,4.07,Vintage Books,Paperback,204,1998,1971,,2022/05/03,to-read,to-read (#140),to-read,,,,0,0
7752,"Fear and Loathing in America: The Brutal Odyssey of an Outlaw Journalist - The Gonzo Letters, Volume II, 1968-1976",Hunter S. Thompson,"Thompson, Hunter S.","Douglas Brinkley, David Halberstam","=""0684873168""","=""9780684873169""",0,4.09,Simon & Schuster,Paperback,784,2001,2000,,2022/05/03,to-read,to-read (#139),to-read,,,,0,0
34272476,Devotions: The Selected Poems of Mary Oliver,Mary Oliver,"Oliver, Mary",,"=""0399563245""","=""9780399563249""",0,4.57,Penguin Press,Hardcover,456,2017,2017,,2022/05/01,to-read,to-read (#138),to-read,,,,0,0
13257044,The Second World War,Antony Beevor,"Beevor, Antony",,"=""0297844970""","=""9780297844976""",0,4.39,Weidenfeld & Nicolson,Hardcover,863,2012,2012,,2022/04/28,to-read,to-read (#137),to-read,,,,0,0
58132545,The Naked Don't Fear the Water: An Underground Journey with Afghan Refugees,Matthieu Aikins,"Aikins, Matthieu",,"=""0063058588""","=""9780063058583""",0,4.18,Harper,Hardcover,336,2022,2022,,2022/04/05,to-read,to-read (#136),to-read,,,,0,0
58276619,The Books of Jacob,Olga Tokarczuk,"Tokarczuk, Olga",Jennifer  Croft,"=""""","=""""",0,4.02,Riverhead Books,Hardcover,965,2022,2014,,2022/04/05,to-read,to-read (#135),to-read,,,,0,0
34818440,The Line Becomes a River: Dispatches From the Border,Francisco Cantú,"Cantú, Francisco",,"=""""","=""""",0,3.97,Riverhead Books,Hardcover,250,2018,2018,,2022/04/05,to-read,to-read (#134),to-read,,,,0,0
52741293,Shuggie Bain,Douglas   Stuart,"Stuart, Douglas",,"=""0802148042""","=""9780802148049""",0,4.30,Grove Press,Hardcover,430,2020,2020,,2022/03/29,to-read,to-read (#133),to-read,,,,0,0
7815,The Year of Magical Thinking,Joan Didion,"Didion, Joan",,"=""1400078431""","=""9781400078431""",0,3.93,Vintage,Paperback,227,2007,2005,,2022/03/08,to-read,to-read (#132),to-read,,,,0,0
5367,"The Great Book of Amber (The Chronicles of Amber, #1-10)",Roger Zelazny,"Zelazny, Roger",,"=""0380809060""","=""9780380809066""",0,4.31,Avon-Eos,Paperback,1258,1999,1999,,2022/01/20,to-read,to-read (#131),to-read,,,,0,0
59614915,Le lac de nulle part,Pete Fromm,"Fromm, Pete",,"=""2351782852""","=""9782351782859""",0,3.87,Gallmeister,Paperback,448,2022,,,2022/01/06,to-read,to-read (#130),to-read,,,,0,0
156956,Indian Creek Chronicles: A Winter Alone in the Wilderness,Pete Fromm,"Fromm, Pete",,"=""0312422725""","=""9780312422721""",0,4.23,Picador,Paperback,208,2003,1993,,2022/01/06,to-read,to-read (#129),to-read,,,,0,0
80571,American Prometheus: The Triumph and Tragedy of J. Robert Oppenheimer,Kai Bird,"Bird, Kai",Martin J. Sherwin,"=""""","=""""",0,4.31,Vintage Books,Paperback,721,2007,2005,,2022/01/06,to-read,to-read (#128),to-read,,,,0,0
43726511,The Shadow King,Maaza Mengiste,"Mengiste, Maaza",,"=""039308356X""","=""9780393083569""",0,3.66,W. W. Norton & Company,Hardcover,448,2019,2019,,2022/01/06,to-read,to-read (#127),to-read,,,,0,0
56597885,"Beautiful World, Where Are You",Sally Rooney,"Rooney, Sally",,"=""0374602603""","=""9780374602604""",0,3.53,"Farrar, Straus and Giroux",Hardcover,356,2021,2021,,2022/01/02,to-read,to-read (#126),to-read,,,,0,0
41057294,Normal People,Sally Rooney,"Rooney, Sally",,"=""1984822179""","=""9781984822178""",0,3.81,Crown,Hardcover,273,2019,2018,,2022/01/02,to-read,to-read (#125),to-read,,,,0,0
32187419,Conversations with Friends,Sally Rooney,"Rooney, Sally",,"=""0451499077""","=""9780451499073""",0,3.74,Hogarth,Kindle Edition,304,2017,2017,,2022/01/02,to-read,to-read (#124),to-read,,,,0,0
56269205,"Empire of the Vampire (Empire of the Vampire, #1)",Jay Kristoff,"Kristoff, Jay",Bon Orthwick,"=""1250245281""","=""9781250245281""",0,4.33,St. Martin's Press,Hardcover,739,2021,2021,,2021/12/28,to-read,to-read (#123),to-read,,,,0,0
28921,The Remains of the Day,Kazuo Ishiguro,"Ishiguro, Kazuo",,"=""""","=""""",0,4.14,Faber & Faber,Paperback,258,2005,1989,,2021/12/28,to-read,to-read (#122),to-read,,,,0,0
428,Play It As It Lays,Joan Didion,"Didion, Joan",,"=""0374529949""","=""9780374529949""",0,3.91,"Farrar, Straus and Giroux",Paperback,231,2005,1970,,2021/12/26,to-read,to-read (#121),to-read,,,,0,0
107400,London: The Biography,Peter Ackroyd,"Ackroyd, Peter",,"=""0385497717""","=""9780385497718""",0,3.96,Anchor,Paperback,801,2003,2000,,2021/12/25,to-read,to-read (#120),to-read,,,,0,0
13539185,"Foundation: The History of England from Its Earliest Beginnings to the Tudors (The History of England, #1)",Peter Ackroyd,"Ackroyd, Peter",,"=""125000361X""","=""9781250003614""",0,4.05,Thomas Dunne Books,Hardcover,496,2012,2011,,2021/12/25,to-read,to-read (#119),to-read,,,,0,0
39508562,"The King and the Catholics: England, Ireland, and the Fight for Religious Freedom, 1780-1829",Antonia Fraser,"Fraser, Antonia",,"=""0385544529""","=""9780385544528""",0,3.57,Nan A. Talese,Hardcover,336,2018,2018,,2021/12/25,to-read,to-read (#118),to-read,,,,0,0
57274238,Humankind,Rutger Bregman,"Bregman, Rutger",,"=""1408898950""","=""9781408898956""",0,4.32,BLOOMSBURY,Paperback,465,2021,2019,,2021/12/25,to-read,to-read (#117),to-read,,,,0,0
14569052,Purple Hibiscus,Chimamanda Ngozi Adichie,"Adichie, Chimamanda Ngozi",,"=""1616202416""","=""9781616202415""",4,4.18,Algonquin Books,Paperback,336,2012,2003,2021/12/25,2019/11/05,,,read,,,,1,0
426,We Tell Ourselves Stories in Order to Live: Collected Nonfiction,Joan Didion,"Didion, Joan",John Leonard,"=""0307264874""","=""9780307264879""",0,4.43,Everyman's Library,Hardcover,1122,2006,2006,,2021/12/23,to-read,to-read (#116),to-read,,,,0,0
3284100,"Novel 11, Book 18",Dag Solstad,"Solstad, Dag",,"=""1843432110""","=""9781843432111""",0,3.69,Harvill Secker,Hardcover,218,2008,1992,,2021/12/23,to-read,to-read (#115),to-read,,,,0,0
37969775,A Mad Love: An Introduction to Opera,Vivien Schweitzer,"Schweitzer, Vivien",,"=""046509693X""","=""9780465096930""",0,3.97,Basic Books,Hardcover,288,2018,2018,,2021/12/23,to-read,to-read (#114),to-read,,,,0,0
58085227,Free: A Child and a Country at the End of History,Lea Ypi,"Ypi, Lea",,"=""0393867730""","=""9780393867732""",0,4.30,W. W. Norton & Company,Hardcover,288,2022,2021,,2021/12/23,to-read,to-read (#113),to-read,,,,0,0
53168757,Long Live the Post Horn!,Vigdis Hjorth,"Hjorth, Vigdis",Charlotte Barslund,"=""""","=""""",0,3.62,Verso Fiction,ebook,240,2020,2012,,2021/12/23,to-read,to-read (#112),to-read,,,,0,0
13507212,"Bring Up the Bodies (Thomas Cromwell, #2)",Hilary Mantel,"Mantel, Hilary",,"=""""","=""""",5,4.30,"Henry Holt & Company, Inc.",Hardcover,412,2012,2012,2021/12/20,2021/01/29,,,read,,,,1,0
5107,The Catcher in the Rye,J.D. Salinger,"Salinger, J.D.",,"=""0316769177""","=""9780316769174""",0,3.80,Back Bay Books,Paperback,277,2001,1951,,2021/12/06,to-read,to-read (#111),to-read,,,,0,0
1232,"The Shadow of the Wind (The Cemetery of Forgotten Books, #1)",Carlos Ruiz Zafón,"Zafón, Carlos Ruiz",Lucia Graves,"=""""","=""""",0,4.30,Penguin Books,Paperback,487,2005,2001,,2021/12/06,to-read,to-read (#110),to-read,,,,0,0
4912857,"The Angel's Game (The Cemetery of Forgotten Books, #2)",Carlos Ruiz Zafón,"Zafón, Carlos Ruiz",Lucia Graves,"=""0385528701""","=""9780385528702""",0,4.02,Doubleday,Hardcover,531,2009,2008,,2021/12/06,to-read,to-read (#109),to-read,,,,0,0
16532,Of Love and Shadows,Isabel Allende,"Allende, Isabel",,"=""0553383833""","=""9780553383836""",0,3.99,Dial Press Trade Paperback,Paperback,304,2005,1984,,2021/12/06,to-read,to-read (#108),to-read,,,,0,0
9328,The House of the Spirits,Isabel Allende,"Allende, Isabel",Magda Bogin,"=""0553383809""","=""9780553383805""",0,4.29,Dial Press Trade Paperback,Paperback,448,2005,1982,,2021/12/06,to-read,to-read (#107),to-read,,,,0,0
46000520,"The Thursday Murder Club (Thursday Murder Club, #1)",Richard Osman,"Osman, Richard",,"=""""","=""""",0,3.87,Penguin Books,Kindle Edition,382,2020,2020,,2021/11/15,to-read,to-read (#106),to-read,,,,0,0
16951,"When the Lion Feeds (Courtney publication, #1; Courtney chronological, #10)",Wilbur Smith,"Smith, Wilbur",,"=""0312940661""","=""9780312940669""",0,4.24,St. Martin's Paperbacks,Mass Market Paperback,534,2006,1964,,2021/11/14,to-read,to-read (#105),to-read,,,,0,0
58346188,Le Voyant d'Étampes,Abel Quentin,"Quentin, Abel",,"=""""","=""9791032909294""",0,3.82,Éditions de l'Observatoire,Paperback,384,2021,2021,,2021/11/13,to-read,to-read (#104),to-read,,,,0,0
58859524,La plus secrète mémoire des hommes,Mohamed Mbougar Sarr,"Sarr, Mohamed Mbougar",,"=""284876886X""","=""9782848768861""",0,4.18,Philippe Rey,Paperback,464,2021,2021,,2021/11/03,to-read,to-read (#103),to-read,,,,0,0
54633172,The Promise,Damon Galgut,"Galgut, Damon",,"=""1784744069""","=""9781784744069""",0,3.85,Chatto & Windus,Hardcover,293,2021,2021,,2021/11/03,to-read,to-read (#102),to-read,,,,0,0
18143977,All the Light We Cannot See,Anthony Doerr,"Doerr, Anthony",,"=""1476746583""","=""9781476746586""",0,4.31,Scribner,Hardcover,544,2014,2014,,2021/08/28,to-read,to-read (#101),to-read,,,,0,0
49612237,Les Indes fourbes,Alain Ayroles,"Ayroles, Alain",Juanjo Guarnido,"=""2756035734""","=""9782756035734""",0,4.44,Delcourt,Hardcover,160,2019,2019,,2021/03/11,,,read,,,,1,0
55577690,Snowflake,Louise Nealon,"Nealon, Louise",,"=""0063073935""","=""9780063073937""",0,3.86,Harper,Hardcover,336,2021,2021,,2021/08/01,to-read,to-read (#100),to-read,,,,0,0
41880609,On Earth We're Briefly Gorgeous,Ocean Vuong,"Vuong, Ocean",,"=""0525562028""","=""9780525562023""",0,4.02,Penguin Press,Hardcover,246,2019,2019,,2021/07/07,to-read,to-read (#99),to-read,,,,0,0
5488,"The Cairo Trilogy: Palace Walk, Palace of Desire, Sugar Street (The Cairo Trilogy #1-3)",Naguib Mahfouz,"Mahfouz, Naguib",,"=""""","=""9780375413315""",0,4.46,Everyman's Library,Hardcover,1313,2001,1957,,2021/06/30,to-read,to-read (#98),to-read,,,,0,0
18154,The Cuckoo's Egg: Tracking a Spy Through the Maze of Computer Espionage,Clifford Stoll,"Stoll, Clifford",,"=""1416507787""","=""9781416507789""",0,4.28,Pocket Books,Paperback,399,2005,1989,,2021/06/23,to-read,to-read (#97),to-read,,,,0,0
1291973,The Real World of Technology,Ursula Martius Franklin,"Franklin, Ursula Martius",,"=""088784636X""","=""9780887846366""",0,4.16,House of Anansi Press,Paperback,210,1999,1990,,2021/06/23,to-read,to-read (#96),to-read,,,,0,0
42170844,The Twenty-Six Words That Created the Internet,Jeff Kosseff,"Kosseff, Jeff",,"=""1501735780""","=""9781501735783""",0,4.17,Cornell University Press,ebook,313,2019,,,2021/06/23,to-read,to-read (#95),to-read,,,,0,0
40180107,White House Warriors: How the National Security Council Transformed the American Way of War,John  Gans,"Gans, John",,"=""1631494562""","=""9781631494567""",0,3.70,Liveright,Hardcover,272,2019,,,2021/06/23,to-read,to-read (#94),to-read,,,,0,0
63033,The Savage Detectives,Roberto Bolaño,"Bolaño, Roberto",Natasha Wimmer,"=""0374191484""","=""9780374191481""",0,4.17,"Farrar, Straus and Giroux",Hardcover,577,2007,1998,,2021/06/17,to-read,to-read (#93),to-read,,,,0,0
30688435,Exit West,Mohsin Hamid,"Hamid, Mohsin",,"=""0735212171""","=""9780735212176""",0,3.74,Riverhead,Hardcover,231,2017,2017,,2021/05/22,to-read,to-read (#92),to-read,,,,0,0
50732671,Apeirogon,Colum McCann,"McCann, Colum",,"=""030787804X""","=""9780307878045""",0,4.25,Random House Audio Publishing Group,Audio CD,15,2020,2019,,2021/05/15,to-read,to-read (#91),to-read,,,,0,0
35084223,bone,Yrsa Daley-Ward,"Daley-Ward, Yrsa",,"=""014313261X""","=""9780143132615""",0,4.14,Penguin Books,Paperback,138,2017,2014,,2021/04/10,to-read,to-read (#90),to-read,,,,0,0
53404229,New Yorkers: A City and Its People in Our Time,Craig Taylor,"Taylor, Craig",,"=""0393242323""","=""9780393242324""",0,4.07,W. W. Norton & Company,Hardcover,432,2021,2021,,2021/03/26,to-read,to-read (#89),to-read,,,,0,0
53328334,A Town Called Solace,Mary Lawson,"Lawson, Mary",,"=""1784743925""","=""9781784743925""",0,4.01,Chatto & Windus,Hardcover,302,2021,2021,,2021/03/26,to-read,to-read (#88),to-read,,,,0,0
52766142,Aftershocks,Nadia Owusu,"Owusu, Nadia",,"=""1982111224""","=""9781982111229""",0,3.90,Simon  Schuster,Hardcover,299,2021,2021,,2021/03/26,to-read,to-read (#87),to-read,,,,0,0
57060588,No Country,Patrice Aggs,"Aggs, Patrice",Joe Brady,"=""""","=""""",0,4.05,David Fickling Books,Kindle Edition,205,2021,,,2021/03/26,to-read,to-read (#86),to-read,,,,0,0
57423312,How to Read Numbers: A Guide to Stats in the News (and Knowing When to Trust Them),Tom  Chivers,"Chivers, Tom",David Chivers,"=""1474619967""","=""9781474619967""",0,4.30,Weidenfeld and Nicolson,Hardcover,208,2021,2021,,2021/03/26,to-read,to-read (#85),to-read,,,,0,0
56555203,Kitchenly 434,Alan Warner,"Warner, Alan",,"=""1474619533""","=""9781474619530""",0,3.44,Orion Publishing Co,Hardcover,272,2021,,,2021/03/26,to-read,to-read (#84),to-read,,,,0,0
12867689,Les Ignorants : Récit d'une initiation croisée,Étienne Davodeau,"Davodeau, Étienne",,"=""2754803823""","=""9782754803823""",0,4.21,Futuropolis,Hardcover,272,2011,2011,,2021/03/16,to-read,to-read (#83),to-read,,,,0,0
52152665,La Bombe,Alcante,"Alcante, Alcante","Laurent-Frédéric Bollée, Denis Rodier","=""2344020632""","=""9782344020630""",0,4.55,Glénat,Hardcover,472,2020,2020,,2021/03/11,to-read,to-read (#82),to-read,,,,0,0
25839838,The Hunting Accident,David L.  Carlson,"Carlson, David L.",Landis Blair,"=""""","=""""",4,4.32,,Hardcover,431,2015,2015,2021/03/09,2021/01/29,,,read,,,,1,0
7826803,"Wolf Hall (Thomas Cromwell, #1)",Hilary Mantel,"Mantel, Hilary",,"=""0312429983""","=""9780312429980""",5,3.91,Picador,Paperback,604,2010,2009,2021/02/12,2021/01/05,,,read,,,,2,0
194006,Legacy,Susan  Kay,"Kay, Susan",,"=""038070322X""","=""9780380703227""",0,4.15,Avon Books,Paperback,647,1987,1983,,2021/02/15,to-read,to-read (#81),to-read,,,,0,0
43565328,The Europeans: Three Lives and the Making of a Cosmopolitan Culture,Orlando Figes,"Figes, Orlando",,"=""1627792147""","=""9781627792141""",0,4.25,Metropolitan Books,Hardcover,483,2019,2019,,2021/02/09,to-read,to-read (#80),to-read,,,,0,0
8062894,Dime quién soy,Julia Navarro,"Navarro, Julia",,"=""8401337550""","=""9788401337550""",0,4.40,Plaza & Janes Editores,Hardcover,1104,2010,2010,,2021/02/09,to-read,to-read (#79),to-read,,,,0,0
49898462,The Gaming Mind: A New Psychology of Videogames and the Power of Play,Alexander Kriss,"Kriss, Alexander",,"=""1615196811""","=""9781615196814""",0,3.89,The Experiment,Paperback,288,2020,2020,,2021/02/09,to-read,to-read (#78),to-read,,,,0,0
56320170,The First Woman,Jennifer Nansubuga Makumbi,"Makumbi, Jennifer Nansubuga",,"=""0861540263""","=""9780861540266""",0,4.15,One World,Paperback,0,2020,2020,,2021/01/01,to-read,to-read (#68),to-read,,,,0,0
49374086,The Discomfort of Evening,Lucas Rijneveld,"Rijneveld, Lucas",Michele Hutchison,"=""0571349366""","=""9780571349364""",0,3.45,Faber & Faber,Paperback,282,2020,2018,,2021/01/26,to-read,to-read (#77),to-read,,,,0,0
1817365,"L'homme Hérissé: Liabeuf, Tueur De Flics",Yves Pagès,"Pagès, Yves",,"=""2908744538""","=""9782908744538""",0,3.00,Insomniaque,Mass Market Paperback,141,2001,2001,,2021/01/24,to-read,to-read (#76),to-read,,,,0,0
53970536,L'Anomalie,Hervé Le Tellier,"Tellier, Hervé Le",,"=""207289509X""","=""9782072895098""",0,3.80,Gallimard,Paperback,327,2020,2020,,2021/01/10,to-read,to-read (#75),to-read,,,,0,0
673959,Let It Rain Coffee,Angie Cruz,"Cruz, Angie",,"=""0743212045""","=""9780743212045""",0,3.76,Simon  Schuster,Paperback,304,2006,2005,,2021/01/08,to-read,to-read (#74),to-read,,,,0,0
43565323,"Black Wave: Saudi Arabia, Iran, and the Forty-Year Rivalry That Unraveled Culture, Religion, and Collective Memory in the Middle East",Kim Ghattas,"Ghattas, Kim",,"=""1250131200""","=""9781250131201""",0,4.40,Henry Holt and Co.,Hardcover,400,2020,2020,,2021/01/08,to-read,to-read (#73),to-read,,,,0,0
38114460,"The Way of All Flesh (Raven, Fisher, and Simpson, #1)",Ambrose Parry,"Parry, Ambrose",,"=""1786893789""","=""9781786893789""",0,3.93,Canongate Books,Hardcover,409,2018,2018,,2021/01/08,to-read,to-read (#72),to-read,,,,0,0
44283559,"The Art of Dying (Raven, Fisher, and Simpson, #2)",Ambrose Parry,"Parry, Ambrose",,"=""""","=""""",0,4.15,Canongate Books,ebook,416,2019,2019,,2021/01/08,to-read,to-read (#71),to-read,,,,0,0
45992717,"The Mirror & the Light (Thomas Cromwell, #3)",Hilary Mantel,"Mantel, Hilary",,"=""0805096604""","=""9780805096606""",0,4.40,Henry Holt and Company,Hardcover,757,2020,2020,,2021/01/07,to-read,to-read (#70),to-read,,,,0,0
38385947,The Soul of America: The Battle for Our Better Angels,Jon Meacham,"Meacham, Jon",,"=""039958983X""","=""""",0,4.26,Random House,Kindle Edition,372,2018,2018,,2021/01/07,to-read,to-read (#69),to-read,,,,0,0
10435551,Riña de gatos: Madrid 1936,Eduardo Mendoza,"Mendoza, Eduardo",,"=""8408097253""","=""9788408097259""",4,3.55,Editorial Planeta,Hardcover,432,2010,2010,,2019/11/05,,,read,,,,1,0
48905603,The Hardest Job in the World: The American Presidency,John Dickerson,"Dickerson, John",,"=""1984854526""","=""9781984854520""",0,4.07,Random House,Kindle Edition,935,2020,2020,,2020/12/31,to-read,to-read (#67),to-read,,,,0,0
15796700,Americanah,Chimamanda Ngozi Adichie,"Adichie, Chimamanda Ngozi",Jashar Awan,"=""""","=""""",5,4.31,Alfred A. Knopf,Hardcover,477,2013,2013,2020/12/31,2019/11/05,,,read,,,,1,0
825509,A Place Called Freedom,Ken Follett,"Follett, Ken",,"=""""","=""""",4,4.07,Ballantine Books,Mass Market Paperback,437,1996,1995,2020/12/31,2020/05/05,,,read,,,,1,0
40819224,The Parade,Dave Eggers,"Eggers, Dave",,"=""0735277524""","=""9780735277526""",0,3.64,Knopf,Hardcover,192,2019,2019,,2020/12/30,to-read,to-read (#66),to-read,,,,0,0
37781,"Things Fall Apart (The African Trilogy, #1)",Chinua Achebe,"Achebe, Chinua",,"=""""","=""""",0,3.74,Anchor Books,Paperback,215,1994,1958,,2020/12/29,to-read,to-read (#65),to-read,,,,0,0
51025650,On Time and Water,Andri Snær Magnason,"Magnason, Andri Snær",Lytton Smith,"=""194883023X""","=""9781948830232""",0,4.27,Open Letter,Hardcover,329,2021,2019,,2020/12/25,to-read,to-read (#64),to-read,,,,0,0
12738,The Transit of Venus,Shirley Hazzard,"Hazzard, Shirley",,"=""1860491812""","=""9781860491818""",0,4.00,Virago,Paperback,337,1995,1980,,2020/12/24,to-read,to-read (#63),to-read,,,,0,0
38463,If Beale Street Could Talk,James Baldwin,"Baldwin, James",,"=""0307275930""","=""9780307275936""",0,4.27,Vintage,Paperback,197,2006,1974,,2020/12/09,to-read,to-read (#62),to-read,,,,0,0
1111,The Power Broker: Robert Moses and the Fall of New York,Robert A. Caro,"Caro, Robert A.",,"=""0394720245""","=""9780394720241""",0,4.52,Vintage Books,Paperback,1246,1975,1974,,2020/12/09,currently-reading,currently-reading (#1),currently-reading,,,,1,0
651858,The Year of the French,Thomas Flanagan,"Flanagan, Thomas",,"=""159017108X""","=""9781590171080""",0,4.09,NYRB Classics,Paperback,516,2004,1979,,2020/12/09,to-read,to-read (#61),to-read,,,,0,0
530415,The Art of Doing Science and Engineering: Learning to Learn,Richard Hamming,"Hamming, Richard",,"=""9056995014""","=""9789056995010""",0,4.17,CRC Press,Paperback,376,1997,1996,,2020/12/09,to-read,to-read (#60),to-read,,,,0,0
43305488,Children of Ash and Elm: A History of the Vikings,Neil Price,"Price, Neil",,"=""""","=""""",0,4.15,Allen Lane,Hardcover,656,2020,2020,,2020/12/09,to-read,to-read (#59),to-read,,,,0,0
40495148,Blindness,José Saramago,"Saramago, José",Giovanni Pontiero,"=""""","=""""",0,4.18,Mariner Books,Kindle Edition,349,2013,1995,,2020/12/09,to-read,to-read (#58),to-read,,,,0,0
14276,"So Long, See You Tomorrow",William Maxwell,"Maxwell, William",,"=""1860464181""","=""9781860464188""",0,3.90,Harvill,Paperback,135,1998,1980,,2020/12/09,to-read,to-read (#57),to-read,,,,0,0
7244,The Poisonwood Bible,Barbara Kingsolver,"Kingsolver, Barbara",,"=""0060786507""","=""9780060786502""",0,4.11,Harper Perennial Modern Classics,Paperback,546,2005,1998,,2020/08/12,to-read,to-read (#56),to-read,,,,0,0
3591262,Cutting for Stone,Abraham   Verghese,"Verghese, Abraham",,"=""0375414495""","=""9780375414497""",0,4.33,Alfred A. Knopf,Hardcover,560,2009,2009,,2020/08/12,to-read,to-read (#55),to-read,,,,0,0
89821,The Map of Love,Ahdaf Soueif,"Soueif, Ahdaf",,"=""0385720114""","=""9780385720113""",0,3.81,Knopf Doubleday Publishing Group,Paperback,529,2000,1999,,2020/08/12,to-read,to-read (#54),to-read,,,,0,0
1107440,The Invisible Enemy: A Natural History of Viruses,Dorothy H. Crawford,"Crawford, Dorothy H.",,"=""0198564813""","=""9780198564812""",0,3.96,Oxford University Press,Paperback,275,2003,2000,,2020/08/12,to-read,to-read (#53),to-read,,,,0,0
23995368,Station Eleven,Emily St. John Mandel,"Mandel, Emily St. John",,"=""0804172447""","=""9780804172448""",0,4.07,Vintage,Paperback,336,2015,2014,,2020/08/11,to-read,to-read (#52),to-read,,,,0,0
51542370,Pew,Catherine Lacey,"Lacey, Catherine",,"=""0374230927""","=""9780374230920""",0,3.70,"Farrar, Straus and Giroux",Hardcover,224,2020,2020,,2020/08/08,to-read,to-read (#51),to-read,,,,0,0
52000059,The Flame,Leonard Cohen,"Cohen, Leonard",,"=""1786893142""","=""9781786893147""",0,4.04,Canongate Books,paperback,288,2019,2018,,2020/08/08,to-read,to-read (#50),to-read,,,,0,0
42972008,This Is Happiness,Niall Williams,"Williams, Niall",,"=""163557420X""","=""9781635574203""",0,4.23,Bloomsbury Publishing,Hardcover,400,2019,2019,,2020/08/08,to-read,to-read (#49),to-read,,,,0,0
17879710,Mr Loverman,Bernardine Evaristo,"Evaristo, Bernardine",,"=""""","=""""",0,4.19,Penguin,Paperback,307,2013,2013,,2020/07/30,to-read,to-read (#48),to-read,,,,0,0
6759,Infinite Jest,David Foster Wallace,"Wallace, David Foster",,"=""""","=""""",0,4.25,Back Bay Books,Paperback,1088,2005,1996,,2020/07/10,to-read,to-read (#47),to-read,,,,0,0
30555488,The Underground Railroad,Colson Whitehead,"Whitehead, Colson",,"=""0385542364""","=""9780385542364""",0,4.06,Doubleday,Hardcover,320,2016,2016,,2020/05/05,to-read,to-read (#46),to-read,,,,0,0
52914416,Memoirs and Misinformation,Jim Carrey,"Carrey, Jim",Dana Vachon,"=""0525655972""","=""9780525655978""",0,2.86,Knopf Publishing Group,Hardcover,255,2020,2020,,2020/02/19,to-read,to-read (#43),to-read,,,,0,0
35171984,Fantasyland: How America Went Haywire: A 500-Year History,Kurt Andersen,"Andersen, Kurt",,"=""""","=""""",0,4.09,Random House,Kindle Edition,429,2017,2017,,2020/03/09,to-read,to-read (#45),to-read,,,,0,0
28819132,A Little History of Religion,Richard Holloway,"Holloway, Richard",,"=""0300208839""","=""9780300208832""",0,4.21,Yale University Press,Hardcover,256,2016,2016,,2020/03/04,to-read,to-read (#44),to-read,,,,0,0
29502354,Rest: Why You Get More Done When You Work Less,Alex Soojung-Kim Pang,"Pang, Alex Soojung-Kim",,"=""0465074871""","=""9780465074877""",0,3.80,Basic Books,Hardcover,320,2016,2016,,2020/02/18,to-read,to-read (#42),to-read,,,,0,0
36809135,Where the Crawdads Sing,Delia Owens,"Owens, Delia",,"=""0735219117""","=""9780735219113""",0,4.37,G.P. Putnam’s Sons,ebook,384,2018,2018,,2020/01/16,to-read,to-read (#41),to-read,,,,0,0
3805,The Corrections,Jonathan Franzen,"Franzen, Jonathan",,"=""1841156736""","=""9781841156736""",0,3.84,Fourth Estate Paperbacks,Paperback,653,2002,2001,,2020/01/01,to-read,to-read (#40),to-read,,,,0,0
37969723,"The Silence of the Girls (Women of Troy, #1)",Pat Barker,"Barker, Pat",,"=""""","=""""",0,3.90,Doubleday Books,Hardcover,325,2018,2018,,2020/01/01,to-read,to-read (#39),to-read,,,,0,0
41081373,"Girl, Woman, Other",Bernardine Evaristo,"Evaristo, Bernardine",,"=""0241364906""","=""9780241364901""",0,4.27,Hamish Hamilton,Kindle Edition,453,2019,2019,,2020/01/01,to-read,to-read (#38),to-read,,,,0,0
2473454,Submarine,Joe Dunthorne,"Dunthorne, Joe",,"=""1400066832""","=""9781400066834""",0,3.74,Random House,Hardcover,320,2008,2008,,2020/01/01,to-read,to-read (#37),to-read,,,,0,0
40097951,The Silent Patient,Alex Michaelides,"Michaelides, Alex",,"=""1250301696""","=""9781250301697""",0,4.17,Celadon Books,Hardcover,336,2019,2019,,2020/01/01,to-read,to-read (#36),to-read,,,,0,0
38819868,"My Sister, the Serial Killer",Oyinkan Braithwaite,"Braithwaite, Oyinkan",,"=""0385544235""","=""9780385544238""",0,3.65,Doubleday,Hardcover,226,2018,2018,,2019/12/27,to-read,to-read (#35),to-read,,,,0,0
31842429,Patria,Fernando Aramburu,"Aramburu, Fernando",Willi Zurbrüggen,"=""8490663270""","=""9788490663271""",0,4.41,Tusquets,Kindle Edition,889,2016,2016,,2019/12/27,to-read,to-read (#34),to-read,,,,0,0
5043,"The Pillars of the Earth (Kingsbridge, #1)",Ken Follett,"Follett, Ken",,"=""045122213X""","=""9780451222138""",0,4.35,Penguin Books,Paperback,976,2007,1989,2019/12/27,2019/11/05,,,read,,,,1,0
49795880,Tous les hommes n'habitent pas le monde de la même façon,Jean-Paul Dubois,"Dubois, Jean-Paul",,"=""2823615164""","=""9782823615166""",0,3.72,Editions de l'Olivier,Paperback,256,2019,2019,,2019/11/05,to-read,to-read (#30),to-read,,,,0,0
46216150,Jolis Jolis Monstres,Julien Dufresne-Lamy,"Dufresne-Lamy, Julien",,"=""2714479855""","=""9782714479853""",0,4.13,Belfond,Paperback,416,2019,2019,,2019/12/17,to-read,to-read (#33),to-read,,,,0,0
18749,Half of a Yellow Sun,Chimamanda Ngozi Adichie,"Adichie, Chimamanda Ngozi",,"=""1400044162""","=""9781400044160""",0,4.34,Knopf,Hardcover,435,2006,2006,,2019/11/05,to-read,to-read (#32),to-read,,,,0,0
31434883,Eleanor Oliphant Is Completely Fine,Gail Honeyman,"Honeyman, Gail",,"=""0735220689""","=""9780735220683""",0,4.23,Pamela Dorman Books / Viking,Hardcover,336,2017,2017,2019/11/05,2019/03/29,,,read,,,,1,0
46213372,Par les routes,Sylvain Prudhomme,"Prudhomme, Sylvain",,"=""207274038X""","=""9782072740381""",0,3.59,Gallimard,Paperback,304,2019,2019,,2019/11/05,to-read,to-read (#31),to-read,,,,0,0
38348476,Calypso,David Sedaris,"Sedaris, David",,"=""0316392359""","=""9780316392358""",0,4.11,"Little, Brown and Company",Kindle Edition,272,2018,2018,,2019/02/21,to-read,to-read (#3),to-read,,,,0,0
11359,Tar Baby,Toni Morrison,"Morrison, Toni",,"=""1400033446""","=""9781400033447""",0,3.99,Vintage,Paperback,305,2004,1981,,2019/08/16,to-read,to-read (#29),to-read,,,,0,0
11346,Sula,Toni Morrison,"Morrison, Toni",,"=""0452283868""","=""9780452283862""",0,4.05,Plume,Paperback,174,2002,1973,,2019/08/16,to-read,to-read (#28),to-read,,,,0,0
11334,Song of Solomon,Toni Morrison,"Morrison, Toni",,"=""140003342X""","=""9781400033423""",0,4.15,Vintage,Paperback,338,2004,1977,,2019/08/16,to-read,to-read (#27),to-read,,,,0,0
11337,The Bluest Eye,Toni Morrison,"Morrison, Toni",,"=""""","=""""",0,4.13,Plume,Paperback,216,2005,1970,,2019/08/16,to-read,to-read (#26),to-read,,,,0,0
6149,"Beloved (Beloved Trilogy, #1)",Toni Morrison,"Morrison, Toni",,"=""""","=""9781400033416""",0,3.97,Vintage,Paperback,325,2004,1987,,2019/08/16,to-read,to-read (#25),to-read,,,,0,0
39218350,"Maid: Hard Work, Low Pay, and a Mother's Will to Survive",Stephanie  Land,"Land, Stephanie",Barbara Ehrenreich,"=""""","=""""",0,3.86,Hachette Books,Hardcover,289,2019,2019,,2019/08/16,to-read,to-read (#24),to-read,,,,0,0
7930252,How to Read the Air,Dinaw Mengestu,"Mengestu, Dinaw",,"=""1594487707""","=""9781594487705""",0,3.26,Riverhead Books,Hardcover,305,2010,2010,,2019/08/16,to-read,to-read (#23),to-read,,,,0,0
8366402,The Tiger's Wife,Téa Obreht,"Obreht, Téa",,"=""0385343833""","=""9780385343831""",0,3.42,Random House,Hardcover,338,2011,2011,,2019/08/16,to-read,to-read (#22),to-read,,,,0,0
43062975,Inland,Téa Obreht,"Obreht, Téa","Anna Chlumsky, Edoardo Ballerini, Euan Morton","=""0449807053""","=""9780449807057""",0,3.43,Random House Audio,Audio CD,14,2019,2019,,2019/08/16,to-read,to-read (#21),to-read,,,,0,0
25733983,Lab Girl,Hope Jahren,"Jahren, Hope",,"=""1101874937""","=""9781101874936""",0,3.98,Knopf,Hardcover,290,2016,2016,,2019/08/16,to-read,to-read (#20),to-read,,,,0,0
9778945,The Shallows: What the Internet Is Doing to Our Brains,Nicholas Carr,"Carr, Nicholas",,"=""0393339750""","=""9780393339758""",0,3.89,W. W. Norton & Company,Paperback,280,2011,2010,,2019/08/16,to-read,to-read (#19),to-read,,,,0,0
40274582,American Spy,Lauren Wilkinson,"Wilkinson, Lauren",,"=""0812998952""","=""9780812998955""",0,3.49,Random House,Hardcover,292,2019,2019,,2019/08/16,to-read,to-read (#18),to-read,,,,0,0
33652490,Men Without Women,Haruki Murakami,"Murakami, Haruki","Phillip Gabriel, Ted Goossen, Chip Kidd","=""0385689454""","=""9780385689458""",0,3.74,Bond Street Books,Kindle Edition,242,2017,2014,,2019/08/16,to-read,to-read (#17),to-read,,,,0,0
41160292,Exhalation,Ted Chiang,"Chiang, Ted",,"=""""","=""""",0,4.27,Knopf,ebook,368,2019,2019,,2019/08/16,to-read,to-read (#16),to-read,,,,0,0
69681,La verdad sobre el caso Savolta,Eduardo Mendoza,"Mendoza, Eduardo",,"=""8432230189""","=""9788432230189""",4,3.87,Editorial Seix Barral,Paperback,464,1999,1975,2019/03/25,2019/02/09,,,read,,,,1,0
21400742,Outline,Rachel Cusk,"Cusk, Rachel",,"=""0571233627""","=""9780571233625""",0,3.67,Faber & Faber,Hardcover,249,2014,2014,,2019/02/09,to-read,to-read (#15),to-read,,,,0,0
36692478,There There,Tommy Orange,"Orange, Tommy",,"=""""","=""""",0,3.98,Knopf,Hardcover,294,2018,2018,,2019/03/24,to-read,to-read (#14),to-read,,,,0,0
36348525,Severance,Ling  Ma,"Ma, Ling",,"=""0374261598""","=""9780374261597""",0,3.89,"Farrar, Straus and Giroux",Hardcover,291,2018,2018,,2019/03/24,to-read,to-read (#13),to-read,,,,0,0
38330854,The Perfect Nanny,Leïla Slimani,"Slimani, Leïla",Sam Taylor,"=""""","=""""",0,3.40,Penguin Books,Paperback,228,2018,2016,,2019/03/24,to-read,to-read (#12),to-read,,,,0,0
35297339,Asymmetry,Lisa Halliday,"Halliday, Lisa",,"=""150116676X""","=""9781501166761""",0,3.43,Simon & Schuster,Hardcover,277,2018,2018,,2019/03/24,to-read,to-read (#11),to-read,,,,0,0
33597976,The Snow Child,Eowyn Ivey,"Ivey, Eowyn",,"=""""","=""""",0,4.01,Reagan Arthur Books,Kindle Edition,423,2012,2012,,2019/03/24,to-read,to-read (#10),to-read,,,,0,0
41068144,Stay Sexy & Don't Get Murdered: The Definitive How-To Guide,Karen Kilgariff,"Kilgariff, Karen",,"=""""","=""""",0,4.07,Forge Books,Kindle Edition,304,2019,2019,,2019/03/24,to-read,to-read (#9),to-read,,,,0,0
302998,The Buddha of Suburbia,Hanif Kureishi,"Kureishi, Hanif",,"=""014013168X""","=""9780140131680""",0,3.75,Penguin Books,Paperback,288,1991,1990,,2019/03/24,to-read,to-read (#8),to-read,,,,0,0
40180023,Eternal Life,Dara Horn,"Horn, Dara",,"=""0393356566""","=""9780393356564""",0,3.80,W. W. Norton & Company,Paperback,256,2019,2018,,2019/03/24,to-read,to-read (#7),to-read,,,,0,0
35068817,Property: Stories Between Two Novellas,Lionel Shriver,"Shriver, Lionel",,"=""0062697951""","=""9780062697950""",0,3.85,Harper,Kindle Edition,337,2018,2018,,2019/03/24,to-read,to-read (#6),to-read,,,,0,0
40180062,House of Stone,Novuyo Rosa Tshuma,"Tshuma, Novuyo Rosa",,"=""0393635422""","=""9780393635423""",0,3.80,W. W. Norton & Company,Hardcover,400,2019,2018,,2019/03/22,to-read,to-read (#5),to-read,,,,0,0
40121975,Instructions for a Funeral: Stories,David Means,"Means, David",,"=""0374279810""","=""9780374279813""",0,3.02,"Farrar, Straus and Giroux",Hardcover,208,2019,2019,,2019/03/22,to-read,to-read (#4),to-read,,,,0,0
15790837,"Let's Explore Diabetes with Owls: Essays, Etc.",David Sedaris,"Sedaris, David",,"=""0316154695""","=""9780316154697""",0,3.85,"Little, Brown and Company",Hardcover,275,2013,2013,,2019/02/21,to-read,to-read (#2),to-read,,,,0,0
10176,Dress Your Family in Corduroy and Denim,David Sedaris,"Sedaris, David",,"=""0965904830""","=""9780965904834""",0,4.11,"Little, Brown & Co.",Paperback,257,2004,2004,,2019/02/21,to-read,to-read (#1),to-read,,,,0,0
